https://www.proshop.de/CPU/Intel-Core-i9-13900K-Raptor-Lake-CPU-24-Kerne-3-GHz-Intel-LGA1700-Intel-Boxed-without-heatsinkfan/3104838	Intel Core i9-13900K Raptor Lake CPU - 24 Kerne 3 GHz - Intel LGA1700 - Intel Boxed without heatsink/fan	694.90
https://www.proshop.de/CPU/Intel-Core-i7-13700K-Raptor-Lake-CPU-16-Kerne-34-GHz-Intel-LGA1700-Intel-Boxed-without-heatsinkfan/3104836	Intel Core i7-13700K Raptor Lake CPU - 16 Kerne 3.4 GHz - Intel LGA1700 - Intel Boxed without heatsink/fan	469.99
https://www.proshop.de/CPU/AMD-Ryzen-5-7600X-CPU-6-Kerne-47-GHz-AMD-AM5-AMD-Boxed-WOF-kein-Kuehler/3098699	AMD Ryzen 5 7600X CPU - 6 Kerne 4.7 GHz - AMD AM5 - AMD Boxed (WOF - kein Kühler)	279.90
https://www.proshop.de/CPU/Intel-Core-i7-13700KF-Raptor-Lake-CPU-16-Kerne-34-GHz-Intel-LGA1700-Intel-Boxed-without-heatsinkfan/3104837	Intel Core i7-13700KF Raptor Lake CPU - 16 Kerne 3.4 GHz - Intel LGA1700 - Intel Boxed without heatsink/fan	449.99
https://www.proshop.de/CPU/AMD-Ryzen-9-7950X-CPU-16-Kerne-45-GHz-AMD-AM5-AMD-Boxed-WOF-kein-Kuehler/3098705	AMD Ryzen 9 7950X CPU - 16 Kerne 4.5 GHz - AMD AM5 - AMD Boxed (WOF - kein Kühler)	669.90
https://www.proshop.de/CPU/Intel-Core-i5-12600KF-Alder-Lake-CPU-10-Kerne-37-GHz-Intel-LGA1700-Intel-Boxed-without-heatsinkfan/2993374	Intel Core i5-12600KF Alder Lake CPU - 10 Kerne 3.7 GHz - Intel LGA1700 - Intel Boxed without heatsink/fan	311.40
https://www.proshop.de/CPU/AMD-Ryzen-7-5800X3D-CPU-8-Kerne-34-GHz-AMD-AM4-AMD-Boxed-WOF-kein-Kuehler/3056709	AMD Ryzen 7 5800X3D CPU - 8 Kerne 3.4 GHz - AMD AM4 - AMD Boxed (WOF - kein Kühler)	379.90
https://www.proshop.de/CPU/Intel-Core-i7-12700K-Alder-Lake-CPU-12-Kerne-36-GHz-Intel-LGA1700-Intel-Boxed-without-heatsinkfan/2993376	Intel Core i7-12700K Alder Lake CPU - 12 Kerne 3.6 GHz - Intel LGA1700 - Intel Boxed without heatsink/fan	393.30
https://www.proshop.de/CPU/Intel-Core-i5-12400F-Alder-Lake-CPU-6-Kerne-25-GHz-Intel-LGA1700-Intel-Boxed/3024245	Intel Core i5-12400F Alder Lake CPU - 6 Kerne 2.5 GHz - Intel LGA1700 - Intel Boxed	184.55
https://www.proshop.de/CPU/AMD-Ryzen-9-5900X-CPU-12-Kerne-37-GHz-AMD-AM4-AMD-Boxed-WOF-kein-Kuehler/2884173	AMD Ryzen 9 5900X CPU - 12 Kerne 3.7 GHz - AMD AM4 - AMD Boxed (WOF - kein Kühler)	379.90
https://www.proshop.de/CPU/AMD-Ryzen-9-5950X-CPU-16-Kerne-34-GHz-AMD-AM4-AMD-Boxed-WOF-kein-Kuehler/2884175	AMD Ryzen 9 5950X CPU - 16 Kerne 3.4 GHz - AMD AM4 - AMD Boxed (WOF - kein Kühler)	549.00
https://www.proshop.de/CPU/AMD-Ryzen-5-5600-Wraith-Stealth-CPU-6-Kerne-35-GHz-AMD-AM4-AMD-Boxed-PIB-mit-Kuehler/3056704	AMD Ryzen 5 5600 Wraith Stealth CPU - 6 Kerne 3.5 GHz - AMD AM4 - AMD Boxed (PIB - mit Kühler)	149.90
https://www.proshop.de/CPU/Intel-Core-i9-13900KF-Raptor-Lake-CPU-24-Kerne-3-GHz-Intel-LGA1700-Intel-Boxed-without-heatsinkfan/3104839	Intel Core i9-13900KF Raptor Lake CPU - 24 Kerne 3 GHz - Intel LGA1700 - Intel Boxed without heatsink/fan	699.90
https://www.proshop.de/CPU/AMD-Ryzen-Threadripper-PRO-5965WX-CPU-24-Kerne-38-GHz-AMD-sWRX8-AMD-Boxed-WOF-kein-Kuehler/3091024	AMD Ryzen Threadripper PRO 5965WX CPU - 24 Kerne 3.8 GHz - AMD sWRX8 - AMD Boxed (WOF - kein Kühler)	2453.49
https://www.proshop.de/CPU/AMD-Ryzen-5-5600X-Wraith-Stealth-CPU-6-Kerne-37-GHz-AMD-AM4-AMD-Boxed-PIB-mit-Kuehler/2884168	AMD Ryzen 5 5600X Wraith Stealth CPU - 6 Kerne 3.7 GHz - AMD AM4 - AMD Boxed (PIB - mit Kühler)	184.90
https://www.proshop.de/CPU/Intel-Core-i3-12100F-Alder-Lake-CPU-4-Kerne-33-GHz-Intel-LGA1700-Intel-Boxed/3024239	Intel Core i3-12100F Alder Lake CPU - 4 Kerne 3.3 GHz - Intel LGA1700 - Intel Boxed	110.69
https://www.proshop.de/CPU/AMD-Ryzen-7-7700X-CPU-8-Kerne-45-GHz-AMD-AM5-AMD-Boxed-WOF-kein-Kuehler/3098701	AMD Ryzen 7 7700X CPU - 8 Kerne 4.5 GHz - AMD AM5 - AMD Boxed (WOF - kein Kühler)	389.90
https://www.proshop.de/CPU/AMD-Ryzen-5-3400G-Wraith-Spire-CPU-4-Kerne-37-GHz-AMD-AM4-AMD-Boxed-PIB-mit-Kuehler/2776911	AMD Ryzen 5 3400G Wraith Spire CPU - 4 Kerne 3.7 GHz - AMD AM4 - AMD Boxed (PIB - mit Kühler)	119.90
https://www.proshop.de/CPU/Intel-Core-i5-13600KF-Raptor-Lake-CPU-14-Kerne-35-GHz-Intel-LGA1700-Intel-Boxed-without-heatsinkfan/3104835	Intel Core i5-13600KF Raptor Lake CPU - 14 Kerne 3.5 GHz - Intel LGA1700 - Intel Boxed without heatsink/fan	369.99
https://www.proshop.de/CPU/Intel-Core-i5-12400-Alder-Lake-CPU-6-Kerne-25-GHz-Intel-LGA1700-Intel-Boxed/3024242	Intel Core i5-12400 Alder Lake CPU - 6 Kerne 2.5 GHz - Intel LGA1700 - Intel Boxed	220.52
https://www.proshop.de/CPU/AMD-Ryzen-5-5600G-Wraith-Stealth-CPU-6-Kerne-39-GHz-AMD-AM4-AMD-Boxed-PIB-mit-Kuehler/2970072	AMD Ryzen 5 5600G Wraith Stealth CPU - 6 Kerne 3.9 GHz - AMD AM4 - AMD Boxed (PIB - mit Kühler)	139.90
https://www.proshop.de/CPU/AMD-Ryzen-7-5700G-Wraith-Stealth-CPU-8-Kerne-38-GHz-AMD-AM4-AMD-Boxed-PIB-mit-Kuehler/2970078	AMD Ryzen 7 5700G Wraith Stealth CPU - 8 Kerne 3.8 GHz - AMD AM4 - AMD Boxed (PIB - mit Kühler)	204.90
https://www.proshop.de/CPU/AMD-Ryzen-5-5500-Wraith-Stealth-CPU-6-Kerne-36-GHz-AMD-AM4-AMD-Boxed-PIB-mit-Kuehler/3056701	AMD Ryzen 5 5500 Wraith Stealth CPU - 6 Kerne 3.6 GHz - AMD AM4 - AMD Boxed (PIB - mit Kühler)	104.90
https://www.proshop.de/CPU/AMD-Ryzen-7-5700X-CPU-8-Kerne-34-GHz-AMD-AM4-AMD-Boxed-WOF-kein-Kuehler/3056707	AMD Ryzen 7 5700X CPU - 8 Kerne 3.4 GHz - AMD AM4 - AMD Boxed (WOF - kein Kühler)	219.90
https://www.proshop.de/CPU/Intel-Xeon-W-1290-32-GHz-processor-CPU-10-Kerne-32-GHz-Intel-LGA1200-Intel-Boxed/2971123	Intel Xeon W-1290 / 3.2 GHz processor CPU - 10 Kerne 3.2 GHz - Intel LGA1200 - Intel Boxed	1006.51
https://www.proshop.de/CPU/Intel-Xeon-E-2388G-32-GHz-processor-CPU-8-Kerne-32-GHz-Intel-LGA1200-Bulk-ohne-Kuehler/3055880	Intel Xeon E-2388G / 3.2 GHz processor CPU - 8 Kerne 3.2 GHz - Intel LGA1200 - Bulk (ohne Kühler)	723.87
https://www.proshop.de/CPU/Intel-Core-i5-13600K-Raptor-Lake-CPU-14-Kerne-35-GHz-Intel-LGA1700-Intel-Boxed-without-heatsinkfan/3104834	Intel Core i5-13600K Raptor Lake CPU - 14 Kerne 3.5 GHz - Intel LGA1700 - Intel Boxed without heatsink/fan	399.99
https://www.proshop.de/CPU/Intel-Core-i3-12100-Alder-Lake-CPU-4-Kerne-33-GHz-Intel-LGA1700-Intel-Boxed/3024237	Intel Core i3-12100 Alder Lake CPU - 4 Kerne 3.3 GHz - Intel LGA1700 - Intel Boxed	147.66
https://www.proshop.de/CPU/Intel-Core-i9-12900-Alder-Lake-CPU-16-Kerne-24-GHz-Intel-LGA1700-Intel-Boxed/3024257	Intel Core i9-12900 Alder Lake CPU - 16 Kerne 2.4 GHz - Intel LGA1700 - Intel Boxed	573.78
https://www.proshop.de/CPU/AMD-Ryzen-9-7900X-CPU-12-Kerne-47-GHz-AMD-AM5-AMD-Boxed-WOF-kein-Kuehler/3098703	AMD Ryzen 9 7900X CPU - 12 Kerne 4.7 GHz - AMD AM5 - AMD Boxed (WOF - kein Kühler)	539.90
https://www.proshop.de/CPU/Intel-Core-i7-11700F-Rocket-Lake-CPU-8-Kerne-25-GHz-Intel-LGA1200-Intel-Boxed/2918958	Intel Core i7-11700F Rocket Lake CPU - 8 Kerne 2.5 GHz - Intel LGA1200 - Intel Boxed	277.11
https://www.proshop.de/CPU/AMD-Ryzen-Threadripper-3990X-CPU-64-Kerne-29-GHz-AMD-sTRX4-AMD-Boxed-WOF-kein-Kuehler/2808821	AMD Ryzen Threadripper 3990X CPU - 64 Kerne 2.9 GHz - AMD sTRX4 - AMD Boxed (WOF - kein Kühler)	4329.35
https://www.proshop.de/CPU/Intel-Core-i5-10400F-Comet-Lake-CPU-6-Kerne-29-GHz-Intel-LGA1200-Intel-Boxed/2835778	Intel Core i5-10400F Comet Lake CPU - 6 Kerne 2.9 GHz - Intel LGA1200 - Intel Boxed	144.90
https://www.proshop.de/CPU/Intel-Core-i5-12600K-Alder-Lake-CPU-10-Kerne-37-GHz-Intel-LGA1700-Intel-Boxed-without-heatsinkfan/2993372	Intel Core i5-12600K Alder Lake CPU - 10 Kerne 3.7 GHz - Intel LGA1700 - Intel Boxed without heatsink/fan	307.89
https://www.proshop.de/CPU/AMD-Ryzen-5-4500-Wraith-Stealth-CPU-6-Kerne-36-GHz-AMD-AM4-AMD-Boxed-PIB-mit-Kuehler/3056698	AMD Ryzen 5 4500 Wraith Stealth CPU - 6 Kerne 3.6 GHz - AMD AM4 - AMD Boxed (PIB - mit Kühler)	84.90
https://www.proshop.de/CPU/Intel-Core-i9-12900KS-Alder-Lake-Tray-CPU-12-Kerne-34-GHz-Intel-LGA1700-Bulk-ohne-Kuehler/3062362	Intel Core i9-12900KS Alder Lake - Tray CPU - 12 Kerne 3.4 GHz - Intel LGA1700 - Bulk (ohne Kühler)	749.00
https://www.proshop.de/CPU/Intel-Xeon-W-W-2235-38-GHz-processor-CPU-6-Kerne-38-GHz/2817638	Intel Xeon W W-2235 / 3.8 GHz processor CPU - 6 Kerne 3.8 GHz -	746.94
https://www.proshop.de/CPU/Intel-Core-i7-12700F-Alder-Lake-CPU-12-Kerne-21-GHz-Intel-LGA1700-Intel-Boxed/3024255	Intel Core i7-12700F Alder Lake CPU - 12 Kerne 2.1 GHz - Intel LGA1700 - Intel Boxed	410.43
https://www.proshop.de/CPU/AMD-Ryzen-Threadripper-3960X-CPU-24-Kerne-38-GHz-AMD-sTRX4-AMD-Boxed-WOF-kein-Kuehler/2808819	AMD Ryzen Threadripper 3960X CPU - 24 Kerne 3.8 GHz - AMD sTRX4 - AMD Boxed (WOF - kein Kühler)	1538.01
https://www.proshop.de/CPU/Intel-Core-i7-10700-29-GHz-processor-CPU-8-Kerne-29-GHz-Intel-LGA1200-Bulk-ohne-Kuehler/2963985	Intel Core i7 10700 / 2.9 GHz processor CPU - 8 Kerne 2.9 GHz - Intel LGA1200 - Bulk (ohne Kühler)	271.40
https://www.proshop.de/CPU/Intel-Xeon-E-2246G-36-GHz-processor-CPU-6-Kerne-36-GHz-Intel-LGA1151-Bulk-ohne-Kuehler/2790474	Intel Xeon E-2246G / 3.6 GHz processor CPU - 6 Kerne 3.6 GHz - Intel LGA1151 - Bulk (ohne Kühler)	425.00
https://www.proshop.de/CPU/AMD-Ryzen-Threadripper-PRO-5995WX-CPU-64-Kerne-27-GHz-AMD-sWRX8-AMD-Boxed-WOF-kein-Kuehler/3091028	AMD Ryzen Threadripper PRO 5995WX CPU - 64 Kerne 2.7 GHz - AMD sWRX8 - AMD Boxed (WOF - kein Kühler)	7395.98
https://www.proshop.de/CPU/AMD-Ryzen-5-3600A-CPU-6-Kerne-36-GHz-AMD-AM4-AMD-Boxed-WOF-kein-Kuehler/3095323	AMD Ryzen 5 3600A CPU - 6 Kerne 3.6 GHz - AMD AM4 - AMD Boxed (WOF - kein Kühler)	109.56
https://www.proshop.de/CPU/Intel-Core-i7-10700K-Comet-Lake-CPU-8-Kerne-38-GHz-Intel-LGA1200-Intel-Boxed-without-heatsinkfan/2835795	Intel Core i7-10700K Comet Lake CPU - 8 Kerne 3.8 GHz - Intel LGA1200 - Intel Boxed without heatsink/fan	324.91
https://www.proshop.de/CPU/Intel-Core-i9-10850K-Comet-Lake-CPU-10-Kerne-36-GHz-Intel-LGA1200-Intel-Boxed-without-heatsinkfan/2871046	Intel Core i9-10850K Comet Lake CPU - 10 Kerne 3.6 GHz - Intel LGA1200 - Intel Boxed without heatsink/fan	453.93
https://www.proshop.de/CPU/AMD-Ryzen-5-3600-Wraith-Stealth-CPU-6-Kerne-36-GHz-AMD-AM4-AMD-Boxed-PIB-mit-Kuehler/2776912	AMD Ryzen 5 3600 Wraith Stealth CPU - 6 Kerne 3.6 GHz - AMD AM4 - AMD Boxed (PIB - mit Kühler)	207.40
https://www.proshop.de/CPU/Intel-Xeon-Gold-6148-Skylake-SP-CPU-20-Kerne-24-GHz-Intel-LGA3647-Intel-Boxed/2609058	Intel Xeon Gold 6148 - Skylake-SP CPU - 20 Kerne 2.4 GHz - Intel LGA3647 - Intel Boxed	3469.25
https://www.proshop.de/CPU/Intel-Core-i7-11700K-Rocket-Lake-CPU-8-Kerne-36-GHz-Intel-LGA1200-Intel-Boxed-without-heatsinkfan/2918959	Intel Core i7-11700K Rocket Lake CPU - 8 Kerne 3.6 GHz - Intel LGA1200 - Intel Boxed without heatsink/fan	333.22
https://www.proshop.de/CPU/Intel-Xeon-Silver-4214-Tray-CPU-12-Kerne-22-GHz-Intel-LGA3647-Bulk-ohne-Kuehler/2775217	Intel Xeon Silver 4214 - Tray CPU - 12 Kerne 2.2 GHz - Intel LGA3647 - Bulk (ohne Kühler)	686.67
https://www.proshop.de/CPU/Intel-Core-i7-11700-Rocket-Lake-CPU-8-Kerne-25-GHz-Intel-LGA1200-Intel-Boxed/2918957	Intel Core i7-11700 Rocket Lake CPU - 8 Kerne 2.5 GHz - Intel LGA1200 - Intel Boxed	306.16
https://www.proshop.de/CPU/AMD-EPYC-7713-2-GHz-processor-CPU-64-Kerne-2-GHz-AMD-SP3-Bulk-ohne-Kuehler/2939436	AMD EPYC 7713 / 2 GHz processor CPU - 64 Kerne 2 GHz - AMD SP3 - Bulk (ohne Kühler)	3671.24
https://www.proshop.de/CPU/Intel-Core-i9-12900K-Alder-Lake-CPU-16-Kerne-32-GHz-Intel-LGA1700-Intel-Boxed-without-heatsinkfan/2993380	Intel Core i9-12900K Alder Lake CPU - 16 Kerne 3.2 GHz - Intel LGA1700 - Intel Boxed without heatsink/fan	696.34
https://www.proshop.de/CPU/Intel-Core-i9-10980XE-Cascade-Lake-X-CPU-18-Kerne-3-GHz-Intel-LGA2066-Intel-Boxed/2804470	Intel Core i9-10980XE Cascade Lake-X CPU - 18 Kerne 3 GHz - Intel LGA2066 - Intel Boxed	1268.53
https://www.proshop.de/CPU/Intel-Core-i5-11600-Rocket-Lake-CPU-6-Kerne-28-GHz-Intel-LGA1200-Intel-Boxed/2918954	Intel Core i5-11600 Rocket Lake CPU - 6 Kerne 2.8 GHz - Intel LGA1200 - Intel Boxed	264.41
https://www.proshop.de/CPU/AMD-Ryzen-5-4600G-Wraith-Stealth-CPU-6-Kerne-37-GHz-AMD-AM4-AMD-Boxed-PIB-mit-Kuehler/3069647	AMD Ryzen 5 4600G Wraith Stealth CPU - 6 Kerne 3.7 GHz - AMD AM4 - AMD Boxed (PIB - mit Kühler)	109.90
https://www.proshop.de/CPU/Intel-Core-i7-10700F-Comet-Lake-CPU-8-Kerne-29-GHz-Intel-LGA1200-Intel-Boxed/2835793	Intel Core i7-10700F Comet Lake CPU - 8 Kerne 2.9 GHz - Intel LGA1200 - Intel Boxed	246.99
https://www.proshop.de/CPU/Intel-Core-i9-11900K-Rocket-Lake-CPU-8-Kerne-35-GHz-Intel-LGA1200-Intel-Boxed-without-heatsinkfan/2918963	Intel Core i9-11900K Rocket Lake CPU - 8 Kerne 3.5 GHz - Intel LGA1200 - Intel Boxed without heatsink/fan	379.84
https://www.proshop.de/CPU/Intel-Core-i5-12600-Alder-Lake-CPU-6-Kerne-33-GHz-Intel-LGA1700-Intel-Boxed/3024251	Intel Core i5-12600 Alder Lake CPU - 6 Kerne 3.3 GHz - Intel LGA1700 - Intel Boxed	294.07
https://www.proshop.de/CPU/AMD-EPYC-7443P-285-GHz-processor-CPU-24-Kerne-285-GHz-AMD-SP3-Bulk-ohne-Kuehler/3055793	AMD EPYC 7443P / 2.85 GHz processor CPU - 24 Kerne 2.85 GHz - AMD SP3 - Bulk (ohne Kühler)	1444.62
https://www.proshop.de/CPU/Intel-Xeon-W-3175X-CPU-28-Kerne-31-GHz-Intel-LGA3647-Intel-Boxed/2724605	Intel Xeon W-3175X CPU - 28 Kerne 3.1 GHz - Intel LGA3647 - Intel Boxed	4755.01
https://www.proshop.de/CPU/AMD-Ryzen-ThreadRipper-PRO-5955WX-4-GHz-processor-OEM-CPU-16-Kerne-4-GHz-AMD-sWRX8-Bulk-ohne-Kuehler/3108231	AMD Ryzen ThreadRipper PRO 5955WX / 4 GHz processor - OEM CPU - 16 Kerne 4 GHz - AMD sWRX8 - Bulk (ohne Kühler)	1426.14
https://www.proshop.de/CPU/Intel-Core-i5-11600K-Rocket-Lake-CPU-6-Kerne-39-GHz-Intel-LGA1200-Intel-Boxed-without-heatsinkfan/2918955	Intel Core i5-11600K Rocket Lake CPU - 6 Kerne 3.9 GHz - Intel LGA1200 - Intel Boxed without heatsink/fan	292.60
https://www.proshop.de/CPU/Intel-Core-i9-11900-Rocket-Lake-CPU-8-Kerne-25-GHz-Intel-LGA1200-Intel-Boxed/2918961	Intel Core i9-11900 Rocket Lake CPU - 8 Kerne 2.5 GHz - Intel LGA1200 - Intel Boxed	515.87
https://www.proshop.de/CPU/AMD-Ryzen-3-Pro-4350G-38-GHz-processor-CPU-4-Kerne-38-GHz-AMD-AM4/2935412	AMD Ryzen 3 Pro 4350G / 3.8 GHz processor CPU - 4 Kerne 3.8 GHz - AMD AM4 -	158.10
https://www.proshop.de/CPU/Intel-Core-i5-10600K-Comet-Lake-CPU-6-Kerne-41-GHz-Intel-LGA1200-Intel-Boxed-without-heatsinkfan/2835786	Intel Core i5-10600K Comet Lake CPU - 6 Kerne 4.1 GHz - Intel LGA1200 - Intel Boxed without heatsink/fan	224.80
https://www.proshop.de/CPU/AMD-Ryzen-7-5700G-38-GHz-processor-OEM-CPU-8-Kerne-38-GHz-AMD-AM4-Bulk-ohne-Kuehler/3096576	AMD Ryzen 7 5700G / 3.8 GHz processor - OEM CPU - 8 Kerne 3.8 GHz - AMD AM4 - Bulk (ohne Kühler)	213.49
https://www.proshop.de/CPU/Intel-Core-i7-10700F-29-GHz-processor-CPU-8-Kerne-29-GHz-Intel-LGA1200-Bulk-ohne-Kuehler/2963988	Intel Core i7 10700F / 2.9 GHz processor CPU - 8 Kerne 2.9 GHz - Intel LGA1200 - Bulk (ohne Kühler)	259.73
https://www.proshop.de/CPU/Intel-Xeon-Gold-6208U-29-GHz-processor-CPU-16-Kerne-29-GHz-Intel-LGA3647-Bulk-ohne-Kuehler/2843598	Intel Xeon Gold 6208U / 2.9 GHz processor CPU - 16 Kerne 2.9 GHz - Intel LGA3647 - Bulk (ohne Kühler)	1356.47
https://www.proshop.de/CPU/AMD-EPYC-7742-225-GHz-processor-CPU-64-Kerne-22-GHz-AMD-SP3-Bulk-ohne-Kuehler/3055728	AMD EPYC 7742 / 2.25 GHz processor CPU - 64 Kerne 2.2 GHz - AMD SP3 - Bulk (ohne Kühler)	4232.60
https://www.proshop.de/CPU/Intel-Core-i5-11400-Rocket-Lake-CPU-6-Kerne-26-GHz-Intel-LGA1200-Intel-Boxed/2918951	Intel Core i5-11400 Rocket Lake CPU - 6 Kerne 2.6 GHz - Intel LGA1200 - Intel Boxed	166.10
https://www.proshop.de/CPU/Intel-Core-i5-4330M-28-GHz-processor-mobile-CPU-2-Kerne-28-GHz-Intel-G3-PGA947-Notebook-Intel-Boxed/2869065	Intel Core i5 4330M / 2.8 GHz processor (mobile) CPU - 2 Kerne 2.8 GHz - Intel G3 / PGA947 (Notebook) - Intel Boxed	1027.22
https://www.proshop.de/CPU/AMD-Athlon-3000G-Tray-CPU-2-Kerne-35-GHz-AMD-AM4-Bulk-ohne-Kuehler/2810934	AMD Athlon 3000G - Tray CPU - 2 Kerne 3.5 GHz - AMD AM4 - Bulk (ohne Kühler)	97.69
https://www.proshop.de/CPU/Intel-Xeon-W-1370-29-GHz-processor-CPU-8-Kerne-29-GHz-Intel-LGA1200-Intel-Boxed/2971125	Intel Xeon W-1370 / 2.9 GHz processor CPU - 8 Kerne 2.9 GHz - Intel LGA1200 - Intel Boxed	1092.99
https://www.proshop.de/CPU/Intel-Core-i7-11700KF-Rocket-Lake-CPU-8-Kerne-36-GHz-Intel-LGA1200-Intel-Boxed-without-heatsinkfan/2918960	Intel Core i7-11700KF Rocket Lake CPU - 8 Kerne 3.6 GHz - Intel LGA1200 - Intel Boxed without heatsink/fan	303.24
https://www.proshop.de/CPU/Intel-Core-i5-7400T-Kaby-Lake-CPU-4-Kerne-24-GHz-Intel-LGA1151-Intel-Boxed/2581400	Intel Core i5-7400T Kaby Lake CPU - 4 Kerne 2.4 GHz - Intel LGA1151 - Intel Boxed	263.86
https://www.proshop.de/CPU/Intel-Core-i9-12900F-Alder-Lake-CPU-12-Kerne-24-GHz-Intel-LGA1700-Intel-Boxed/3024259	Intel Core i9-12900F Alder Lake CPU - 12 Kerne 2.4 GHz - Intel LGA1700 - Intel Boxed	545.17
https://www.proshop.de/CPU/AMD-Ryzen-7-4700G-Tray-CPU-8-Kerne-36-GHz-AMD-AM4-Bulk-ohne-Kuehler/3007714	AMD Ryzen 7 4700G - Tray CPU - 8 Kerne 3.6 GHz - AMD AM4 - Bulk (ohne Kühler)	212.87
https://www.proshop.de/CPU/AMD-Ryzen-Threadripper-PRO-3955WX-CPU-16-Kerne-39-GHz-AMD-sWRX8-AMD-Boxed-WOF-kein-Kuehler/2922624	AMD Ryzen Threadripper PRO 3955WX CPU - 16 Kerne 3.9 GHz - AMD sWRX8 - AMD Boxed (WOF - kein Kühler)	1286.54
https://www.proshop.de/CPU/Intel-Core-i7-10700-Comet-Lake-CPU-8-Kerne-29-GHz-Intel-LGA1200-Intel-Boxed/2835791	Intel Core i7-10700 Comet Lake CPU - 8 Kerne 2.9 GHz - Intel LGA1200 - Intel Boxed	283.99
https://www.proshop.de/CPU/Intel-Xeon-E-2378G-28-GHz-processor-CPU-8-Kerne-28-GHz-Intel-LGA1200-Bulk-ohne-Kuehler/3073894	Intel Xeon E-2378G / 2.8 GHz processor CPU - 8 Kerne 2.8 GHz - Intel LGA1200 - Bulk (ohne Kühler)	733.04
https://www.proshop.de/CPU/Intel-Xeon-Gold-6248-Cascade-Lake-Tray-CPU-20-Kerne-25-GHz-Intel-LGA3647-Bulk-ohne-Kuehler/2770590	Intel Xeon Gold 6248 - Cascade Lake - Tray CPU - 20 Kerne 2.5 GHz - Intel LGA3647 - Bulk (ohne Kühler)	2453.46
https://www.proshop.de/CPU/Intel-Core-i9-10900K-Comet-Lake-CPU-10-Kerne-37-GHz-Intel-LGA1200-Intel-Boxed-without-heatsinkfan/2835804	Intel Core i9-10900K Comet Lake CPU - 10 Kerne 3.7 GHz - Intel LGA1200 - Intel Boxed without heatsink/fan	386.58
https://www.proshop.de/CPU/Intel-Core-i5-10600KF-41-GHz-processor-CPU-6-Kerne-41-GHz-Intel-LGA1200-Bulk-ohne-Kuehler/2987101	Intel Core i5 10600KF / 4.1 GHz processor CPU - 6 Kerne 4.1 GHz - Intel LGA1200 - Bulk (ohne Kühler)	195.45
https://www.proshop.de/CPU/AMD-Ryzen-7-3700X-36-GHz-processor-CPU-8-Kerne-36-GHz-AMD-AM4-Bulk-ohne-Kuehler/3035833	AMD Ryzen 7 3700X / 3.6 GHz processor CPU - 8 Kerne 3.6 GHz - AMD AM4 - Bulk (ohne Kühler)	262.30
https://www.proshop.de/CPU/Intel-Core-i3-10100T-3-GHz-processor-CPU-4-Kerne-3-GHz-Intel-LGA1200-Bulk-ohne-Kuehler/2943345	Intel Core i3 10100T / 3 GHz processor CPU - 4 Kerne 3 GHz - Intel LGA1200 - Bulk (ohne Kühler)	167.01
https://www.proshop.de/CPU/Intel-Core-i5-11400F-Rocket-Lake-CPU-6-Kerne-26-GHz-Intel-LGA1200-Intel-Boxed/2918952	Intel Core i5-11400F Rocket Lake CPU - 6 Kerne 2.6 GHz - Intel LGA1200 - Intel Boxed	146.26
https://www.proshop.de/CPU/Intel-Xeon-E5-1650V3-35-GHz-processor-CPU-6-Kerne-35-GHz-Intel-LGA2011-V3-Bulk-ohne-Kuehler/2881289	Intel Xeon E5-1650V3 / 3.5 GHz processor CPU - 6 Kerne 3.5 GHz - Intel LGA2011-V3 - Bulk (ohne Kühler)	935.01
https://www.proshop.de/CPU/Intel-Xeon-W-1370P-36-GHz-processor-CPU-8-Kerne-36-GHz-Intel-LGA1200-Intel-Boxed/2971124	Intel Xeon W-1370P / 3.6 GHz processor CPU - 8 Kerne 3.6 GHz - Intel LGA1200 - Intel Boxed	641.02
https://www.proshop.de/CPU/Intel-Xeon-Gold-5320-22-GHz-processor-CPU-26-Kerne-22-GHz-Bulk-ohne-Kuehler/2959323	Intel Xeon Gold 5320 / 2.2 GHz processor CPU - 26 Kerne 2.2 GHz - Bulk (ohne Kühler)	2069.27
https://www.proshop.de/CPU/Intel-Core-i5-11500-Rocket-Lake-CPU-6-Kerne-27-GHz-Intel-LGA1200-Intel-Boxed/2918953	Intel Core i5-11500 Rocket Lake CPU - 6 Kerne 2.7 GHz - Intel LGA1200 - Intel Boxed	239.53
https://www.proshop.de/CPU/Intel-Core-i9-10940X-Cascade-Lake-X-CPU-14-Kerne-33-GHz-Intel-LGA2066-Intel-Boxed/2804469	Intel Core i9-10940X Cascade Lake-X CPU - 14 Kerne 3.3 GHz - Intel LGA2066 - Intel Boxed	1013.09
https://www.proshop.de/CPU/AMD-Ryzen-ThreadRipper-PRO-5955WX-4-GHz-processor-PIBWOF-CPU-16-Kerne-4-GHz-AMD-sWRX8-AMD-Boxed-WOF-kein-Kuehler/3119925	AMD Ryzen ThreadRipper PRO 5955WX / 4 GHz processor - PIB/WOF CPU - 16 Kerne 4 GHz - AMD sWRX8 - AMD Boxed (WOF - kein Kühler)	1468.14
https://www.proshop.de/CPU/Intel-Core-i9-10900-Comet-Lake-CPU-10-Kerne-28-GHz-Intel-LGA1200-Intel-Boxed/2835800	Intel Core i9-10900 Comet Lake CPU - 10 Kerne 2.8 GHz - Intel LGA1200 - Intel Boxed	498.96
https://www.proshop.de/CPU/Intel-Xeon-E3-1275-V6-CPU-4-Kerne-38-GHz-Intel-LGA1151-Intel-Boxed/2595382	Intel Xeon E3-1275 V6 CPU - 4 Kerne 3.8 GHz - Intel LGA1151 - Intel Boxed	402.67
https://www.proshop.de/CPU/Intel-Xeon-Silver-4215-Tray-CPU-8-Kerne-25-GHz-Intel-LGA3647-Bulk-ohne-Kuehler/2775216	Intel Xeon Silver 4215 - Tray CPU - 8 Kerne 2.5 GHz - Intel LGA3647 - Bulk (ohne Kühler)	655.58
https://www.proshop.de/CPU/Intel-Xeon-Gold-6354-3-GHz-processor-OEM-CPU-18-Kerne-3-GHz-LGA4189-Socket-Bulk-ohne-Kuehler/3093164	Intel Xeon Gold 6354 / 3 GHz processor - OEM CPU - 18 Kerne 3 GHz - LGA4189 Socket - Bulk (ohne Kühler)	2318.46
https://www.proshop.de/CPU/Intel-Core-i9-11900KF-processor-CPU-8-Kerne-Bulk-ohne-Kuehler/3064373	Intel Core i9 11900KF processor CPU - 8 Kerne - Bulk (ohne Kühler)	385.03
https://www.proshop.de/CPU/Intel-Core-i9-10900X-X-series-37-GHz-processor-CPU-10-Kerne-37-GHz-Intel-LGA2066-Bulk-ohne-Kuehler/2848213	Intel Core i9 10900X X-series / 3.7 GHz processor CPU - 10 Kerne 3.7 GHz - Intel LGA2066 - Bulk (ohne Kühler)	633.69
https://www.proshop.de/CPU/Intel-Core-i7-11700-processor-CPU-8-Kerne-Bulk-ohne-Kuehler/3060320	Intel Core i7 11700 processor CPU - 8 Kerne - Bulk (ohne Kühler)	304.10
https://www.proshop.de/CPU/Intel-Celeron-G6900-Alder-Lake-CPU-2-Kerne-34-GHz-Intel-LGA1700-Intel-Boxed/3024233	Intel Celeron G6900 Alder Lake CPU - 2 Kerne 3.4 GHz - Intel LGA1700 - Intel Boxed	63.52
https://www.proshop.de/CPU/Intel-Core-i9-12900KS-Alder-Lake-CPU-16-Kerne-34-GHz-Intel-LGA1700-Intel-Boxed-without-heatsinkfan/3049534	Intel Core i9-12900KS Alder Lake CPU - 16 Kerne 3.4 GHz - Intel LGA1700 - Intel Boxed without heatsink/fan	679.45
https://www.proshop.de/CPU/Intel-Core-i5-10600KF-Comet-Lake-CPU-6-Kerne-41-GHz-Intel-LGA1200-Intel-Boxed-without-heatsinkfan/2835788	Intel Core i5-10600KF Comet Lake CPU - 6 Kerne 4.1 GHz - Intel LGA1200 - Intel Boxed without heatsink/fan	201.93
https://www.proshop.de/CPU/Intel-Xeon-Gold-6254-Cascade-Lake-Tray-CPU-18-Kerne-31-GHz-Intel-LGA3647-Bulk-ohne-Kuehler/2772739	Intel Xeon Gold 6254 - Cascade Lake - Tray CPU - 18 Kerne 3.1 GHz - Intel LGA3647 - Bulk (ohne Kühler)	3915.30
https://www.proshop.de/CPU/Intel-Core-i5-10500-31-GHz-processor-CPU-6-Kerne-31-GHz-Intel-LGA1200-Bulk-ohne-Kuehler/2958389	Intel Core i5 10500 / 3.1 GHz processor CPU - 6 Kerne 3.1 GHz - Intel LGA1200 - Bulk (ohne Kühler)	233.15
https://www.proshop.de/CPU/Intel-Xeon-Gold-3-GHz-processor-CPU-3-GHz-Bulk-ohne-Kuehler/2956843	Intel Xeon Gold 3 GHz processor CPU - 3 GHz - Bulk (ohne Kühler)	1044.58
https://www.proshop.de/CPU/Intel-Xeon-Gold-6240-26-GHz-processor-CPU-18-Kerne-26-GHz-Intel-LGA3647-Intel-Boxed/2843576	Intel Xeon Gold 6240 / 2.6 GHz processor CPU - 18 Kerne 2.6 GHz - Intel LGA3647 - Intel Boxed	2950.91
https://www.proshop.de/CPU/Intel-Xeon-Platinum-8160-CPU-24-Kerne-21-GHz-Intel-LGA3647-Intel-Boxed/2609047	Intel Xeon Platinum 8160 CPU - 24 Kerne 2.1 GHz - Intel LGA3647 - Intel Boxed	6300.65
https://www.proshop.de/CPU/Intel-Xeon-Platinum-8176-CPU-28-Kerne-21-GHz-Intel-LGA3647-Intel-Boxed/2609051	Intel Xeon Platinum 8176 CPU - 28 Kerne 2.1 GHz - Intel LGA3647 - Intel Boxed	11672.72
https://www.proshop.de/CPU/Intel-Xeon-E-2314-28-GHz-processor-OEM-CPU-4-Kerne-28-GHz-Intel-LGA1200-Bulk-ohne-Kuehler/3092541	Intel Xeon E-2314 / 2.8 GHz processor - OEM CPU - 4 Kerne 2.8 GHz - Intel LGA1200 - Bulk (ohne Kühler)	351.63
https://www.proshop.de/CPU/Intel-Xeon-W-2223-Tray-CPU-4-Kerne-36-GHz-Intel-LGA2066-Bulk-ohne-Kuehler/2808103	Intel Xeon W-2223 - Tray CPU - 4 Kerne 3.6 GHz - Intel LGA2066 - Bulk (ohne Kühler)	398.86
https://www.proshop.de/CPU/Intel-Core-i3-10105F-Comet-Lake-CPU-4-Kerne-37-GHz-Intel-LGA1200-Intel-Boxed/2924550	Intel Core i3-10105F Comet Lake CPU - 4 Kerne 3.7 GHz - Intel LGA1200 - Intel Boxed	81.75
https://www.proshop.de/CPU/Intel-3-GHz-processor-CPU-3-GHz-Intel-Boxed/2959324	Intel 3 GHz processor CPU - 3 GHz - Intel Boxed	1369.00
https://www.proshop.de/CPU/AMD-EPYC-7773X-22-GHz-processor-CPU-64-Kerne-22-GHz-AMD-SP3-Bulk-ohne-Kuehler/3065251	AMD EPYC 7773X / 2.2 GHz processor CPU - 64 Kerne 2.2 GHz - AMD SP3 - Bulk (ohne Kühler)	9346.39
https://www.proshop.de/CPU/AMD-EPYC-7313P-3-GHz-processor-CPU-16-Kerne-3-GHz-AMD-SP3-Bulk-ohne-Kuehler/3067336	AMD EPYC 7313P / 3 GHz processor CPU - 16 Kerne 3 GHz - AMD SP3 - Bulk (ohne Kühler)	1051.72
https://www.proshop.de/CPU/Intel-Core-i7-10700KF-Comet-Lake-CPU-8-Kerne-38-GHz-Intel-LGA1200-Intel-Boxed-without-heatsinkfan/2835797	Intel Core i7-10700KF Comet Lake CPU - 8 Kerne 3.8 GHz - Intel LGA1200 - Intel Boxed without heatsink/fan	291.41
https://www.proshop.de/CPU/Intel-Celeron-G5900-Comet-Lake-CPU-2-Kerne-34-GHz-Intel-LGA1200-Intel-Boxed-without-heatsinkfan/2835755	Intel Celeron G5900 Comet Lake CPU - 2 Kerne 3.4 GHz - Intel LGA1200 - Intel Boxed without heatsink/fan	59.33
https://www.proshop.de/CPU/AMD-Ryzen-Threadripper-PRO-5975WX-CPU-32-Kerne-36-GHz-AMD-sWRX8-AMD-Boxed-WOF-kein-Kuehler/3091026	AMD Ryzen Threadripper PRO 5975WX CPU - 32 Kerne 3.6 GHz - AMD sWRX8 - AMD Boxed (WOF - kein Kühler)	3729.10
https://www.proshop.de/CPU/AMD-Ryzen-Threadripper-PRO-5975WX-Tray-CPU-32-Kerne-36-GHz-AMD-sWRX8-Bulk-ohne-Kuehler/3091025	AMD Ryzen Threadripper PRO 5975WX - Tray CPU - 32 Kerne 3.6 GHz - AMD sWRX8 - Bulk (ohne Kühler)	3566.66
https://www.proshop.de/CPU/Intel-Core-i3-10100F-Comet-Lake-CPU-4-Kerne-36-GHz-Intel-LGA1200-Intel-Boxed/2879526	Intel Core i3-10100F Comet Lake CPU - 4 Kerne 3.6 GHz - Intel LGA1200 - Intel Boxed	80.51
https://www.proshop.de/CPU/Intel-Xeon-E-2104G-CPU-4-Kerne-32-GHz-Intel-LGA1151-Bulk-ohne-Kuehler/2684528	Intel Xeon E-2104G CPU - 4 Kerne 3.2 GHz - Intel LGA1151 - Bulk (ohne Kühler)	212.11
https://www.proshop.de/CPU/Intel-Core-i5-10400F-Comet-Lake-Tray-CPU-6-Kerne-29-GHz-Intel-LGA1200-Bulk-ohne-Kuehler/3020978	Intel Core i5-10400F Comet Lake - Tray CPU - 6 Kerne 2.9 GHz - Intel LGA1200 - Bulk (ohne Kühler)	139.99
https://www.proshop.de/CPU/Intel-Core-i7-11700F-processor-CPU-8-Kerne-Bulk-ohne-Kuehler/3058994	Intel Core i7 11700F processor CPU - 8 Kerne - Bulk (ohne Kühler)	279.31
https://www.proshop.de/CPU/Intel-Core-i9-10900KF-37-GHz-processor-CPU-10-Kerne-37-GHz-Intel-LGA1200-Bulk-ohne-Kuehler/2963981	Intel Core i9 10900KF / 3.7 GHz processor CPU - 10 Kerne 3.7 GHz - Intel LGA1200 - Bulk (ohne Kühler)	367.91
https://www.proshop.de/CPU/Intel-Core-i7-10700K-38-GHz-processor-CPU-8-Kerne-38-GHz-Intel-LGA1200-Bulk-ohne-Kuehler/2958388	Intel Core i7 10700K / 3.8 GHz processor CPU - 8 Kerne 3.8 GHz - Intel LGA1200 - Bulk (ohne Kühler)	295.22
https://www.proshop.de/CPU/Intel-Core-i5-10400-Comet-Lake-CPU-6-Kerne-29-GHz-Intel-LGA1200-Intel-Boxed/2835776	Intel Core i5-10400 Comet Lake CPU - 6 Kerne 2.9 GHz - Intel LGA1200 - Intel Boxed	142.22
https://www.proshop.de/CPU/Intel-Pentium-Gold-G6405-Comet-Lake-CPU-2-Kerne-41-GHz-Intel-LGA1200-Intel-Boxed/2924542	Intel Pentium Gold G6405 Comet Lake CPU - 2 Kerne 4.1 GHz - Intel LGA1200 - Intel Boxed	68.01
https://www.proshop.de/CPU/Intel-Xeon-Gold-6226R-29-GHz-processor-CPU-16-Kerne-29-GHz-Intel-LGA3647-Bulk-ohne-Kuehler/2843590	Intel Xeon Gold 6226R / 2.9 GHz processor CPU - 16 Kerne 2.9 GHz - Intel LGA3647 - Bulk (ohne Kühler)	1222.43
https://www.proshop.de/CPU/Intel-Core-i9-10900K-37-GHz-processor-CPU-10-Kerne-37-GHz-Intel-LGA1200-Bulk-ohne-Kuehler/2963978	Intel Core i9 10900K / 3.7 GHz processor CPU - 10 Kerne 3.7 GHz - Intel LGA1200 - Bulk (ohne Kühler)	382.71
https://www.proshop.de/CPU/Intel-Core-i5-11600KF-Rocket-Lake-CPU-6-Kerne-39-GHz-Intel-LGA1200-Intel-Boxed-without-heatsinkfan/2918956	Intel Core i5-11600KF Rocket Lake CPU - 6 Kerne 3.9 GHz - Intel LGA1200 - Intel Boxed without heatsink/fan	260.50
https://www.proshop.de/CPU/Intel-Pentium-Gold-G7400-Alder-Lake-CPU-2-Kerne-28-GHz-Intel-LGA1700-Intel-Boxed/3024235	Intel Pentium Gold G7400 Alder Lake CPU - 2 Kerne 2.8 GHz - Intel LGA1700 - Intel Boxed	91.12
https://www.proshop.de/CPU/Intel-Core-i9-11900KF-Rocket-Lake-CPU-8-Kerne-35-GHz-Intel-LGA1200-Intel-Boxed-without-heatsinkfan/2918964	Intel Core i9-11900KF Rocket Lake CPU - 8 Kerne 3.5 GHz - Intel LGA1200 - Intel Boxed without heatsink/fan	373.94
https://www.proshop.de/CPU/Intel-Core-i9-12900T-Alder-Lake-Tray-CPU-16-Kerne-14-GHz-Intel-LGA1700-Bulk-ohne-Kuehler/3030555	Intel Core i9-12900T Alder Lake - Tray CPU - 16 Kerne 1.4 GHz - Intel LGA1700 - Bulk (ohne Kühler)	663.76
https://www.proshop.de/CPU/Intel-Core-i7-12700KF-Alder-Lake-CPU-12-Kerne-36-GHz-Intel-LGA1700-Intel-Boxed-without-heatsinkfan/2993378	Intel Core i7-12700KF Alder Lake CPU - 12 Kerne 3.6 GHz - Intel LGA1700 - Intel Boxed without heatsink/fan	421.78
https://www.proshop.de/CPU/AMD-EPYC-7543P-28-GHz-processor-CPU-32-Kerne-28-GHz-AMD-SP3-Bulk-ohne-Kuehler/3032305	AMD EPYC 7543P / 2.8 GHz processor CPU - 32 Kerne 2.8 GHz - AMD SP3 - Bulk (ohne Kühler)	2700.39
https://www.proshop.de/CPU/Intel-Pentium-Gold-G6500-Comet-Lake-CPU-4-Kerne-41-GHz-Intel-LGA1200-Intel-Boxed-without-heatsinkfan/2835763	Intel Pentium Gold G6500 Comet Lake CPU - 4 Kerne 4.1 GHz - Intel LGA1200 - Intel Boxed without heatsink/fan	91.83
https://www.proshop.de/CPU/Intel-Core-i7-12700-Alder-Lake-CPU-12-Kerne-21-GHz-Intel-LGA1700-Intel-Boxed/3024253	Intel Core i7-12700 Alder Lake CPU - 12 Kerne 2.1 GHz - Intel LGA1700 - Intel Boxed	369.29
https://www.proshop.de/CPU/Intel-Core-i3-10100-36-GHz-processor-CPU-4-Kerne-36-GHz-Intel-LGA1200-Bulk-ohne-Kuehler/2974631	Intel Core i3 10100 / 3.6 GHz processor CPU - 4 Kerne 3.6 GHz - Intel LGA1200 - Bulk (ohne Kühler)	111.55
https://www.proshop.de/CPU/Intel-Xeon-Gold-6234-Cascade-Lake-Tray-CPU-8-Kerne-33-GHz-Intel-LGA3647-Bulk-ohne-Kuehler/2777005	Intel Xeon Gold 6234 - Cascade Lake - Tray CPU - 8 Kerne 3.3 GHz - Intel LGA3647 - Bulk (ohne Kühler)	2496.08
https://www.proshop.de/CPU/Intel-Core-i5-12600T-Alder-Lake-Tray-CPU-6-Kerne-21-GHz-Intel-LGA1700-Bulk-ohne-Kuehler/3030553	Intel Core i5-12600T Alder Lake - Tray CPU - 6 Kerne 2.1 GHz - Intel LGA1700 - Bulk (ohne Kühler)	314.43
https://www.proshop.de/CPU/Intel-Xeon-Gold-21-GHz-processor-CPU-21-GHz-Bulk-ohne-Kuehler/2956842	Intel Xeon Gold 2.1 GHz processor CPU - 2.1 GHz - Bulk (ohne Kühler)	1579.37
https://www.proshop.de/CPU/Intel-Xeon-Gold-5218R-21-GHz-processor-CPU-20-Kerne-21-GHz-Intel-LGA3647-Bulk-ohne-Kuehler/2843591	Intel Xeon Gold 5218R / 2.1 GHz processor CPU - 20 Kerne 2.1 GHz - Intel LGA3647 - Bulk (ohne Kühler)	1130.77
https://www.proshop.de/CPU/Intel-Xeon-E5-2623V4-26-GHz-processor-CPU-4-Kerne-26-GHz-Intel-LGA2011-V3-Bulk-ohne-Kuehler/2792206	Intel Xeon E5-2623V4 / 2.6 GHz processor CPU - 4 Kerne 2.6 GHz - Intel LGA2011-V3 - Bulk (ohne Kühler)	500.96
https://www.proshop.de/CPU/Intel-Xeon-Gold-5218-Cascade-Lake-Tray-CPU-16-Kerne-23-GHz-Intel-LGA3647-Bulk-ohne-Kuehler/2775191	Intel Xeon Gold 5218 - Cascade Lake - Tray CPU - 16 Kerne 2.3 GHz - Intel LGA3647 - Bulk (ohne Kühler)	1118.08
https://www.proshop.de/CPU/Intel-Xeon-E3-1230-V6-CPU-4-Kerne-35-GHz-Intel-LGA1151-Intel-Boxed/2593179	Intel Xeon E3-1230 V6 CPU - 4 Kerne 3.5 GHz - Intel LGA1151 - Intel Boxed	342.17
https://www.proshop.de/CPU/Intel-Xeon-Gold-6338-2-GHz-processor-CPU-32-Kerne-2-GHz-LGA4189-Socket-Bulk-ohne-Kuehler/3055884	Intel Xeon Gold 6338 / 2 GHz processor CPU - 32 Kerne 2 GHz - LGA4189 Socket - Bulk (ohne Kühler)	2597.58
https://www.proshop.de/CPU/Intel-Xeon-Silver-4215R-32-GHz-processor-CPU-8-Kerne-32-GHz-Intel-LGA3647-Bulk-ohne-Kuehler/2843595	Intel Xeon Silver 4215R / 3.2 GHz processor CPU - 8 Kerne 3.2 GHz - Intel LGA3647 - Bulk (ohne Kühler)	892.86
https://www.proshop.de/CPU/Intel-Xeon-Gold-6238R-22-GHz-processor-CPU-28-Kerne-22-GHz-Intel-LGA3647-Bulk-ohne-Kuehler/2843578	Intel Xeon Gold 6238R / 2.2 GHz processor CPU - 28 Kerne 2.2 GHz - Intel LGA3647 - Bulk (ohne Kühler)	2640.72
https://www.proshop.de/CPU/Intel-DEMO-Core-i7-7700-Kaby-Lake-CPU-4-Kerne-36-GHz-Intel-LGA1151-Bulk-ohne-Kuehler/2725902d	Intel *DEMO* Core i7-7700 Kaby Lake CPU - 4 Kerne 3.6 GHz - Intel LGA1151 - Bulk (ohne Kühler)	310.85
https://www.proshop.de/CPU/Intel-Xeon-W-3225-Tray-CPU-12-Kerne-33-GHz-Intel-LGA3647-Bulk-ohne-Kuehler/2780295	Intel Xeon W-3225 - Tray CPU - 12 Kerne 3.3 GHz - Intel LGA3647 - Bulk (ohne Kühler)	2014.53
https://www.proshop.de/CPU/Intel-Xeon-Gold-6246R-34-GHz-processor-CPU-16-Kerne-34-GHz-Intel-LGA3647-Bulk-ohne-Kuehler/2843581	Intel Xeon Gold 6246R / 3.4 GHz processor CPU - 16 Kerne 3.4 GHz - Intel LGA3647 - Bulk (ohne Kühler)	3422.35
https://www.proshop.de/CPU/Intel-Core-i3-10320-Comet-Lake-CPU-4-Kerne-38-GHz-Intel-LGA1200-Intel-Boxed/2835774	Intel Core i3-10320 Comet Lake CPU - 4 Kerne 3.8 GHz - Intel LGA1200 - Intel Boxed	154.73
https://www.proshop.de/CPU/Intel-Core-i3-10105-Comet-Lake-CPU-4-Kerne-37-GHz-Intel-LGA1200-Intel-Boxed/2923134	Intel Core i3-10105 Comet Lake CPU - 4 Kerne 3.7 GHz - Intel LGA1200 - Intel Boxed	131.75
https://www.proshop.de/CPU/Intel-Core-i5-10400-29-GHz-processor-CPU-6-Kerne-29-GHz-Intel-LGA1200-Bulk-ohne-Kuehler/2963982	Intel Core i5 10400 / 2.9 GHz processor CPU - 6 Kerne 2.9 GHz - Intel LGA1200 - Bulk (ohne Kühler)	129.00
https://www.proshop.de/CPU/Intel-Xeon-Silver-4210R-24-GHz-processor-CPU-10-Kerne-24-GHz-Intel-LGA3647-Bulk-ohne-Kuehler/2843594	Intel Xeon Silver 4210R / 2.4 GHz processor CPU - 10 Kerne 2.4 GHz - Intel LGA3647 - Bulk (ohne Kühler)	465.88
https://www.proshop.de/CPU/Intel-Xeon-Silver-4216-Tray-CPU-16-Kerne-21-GHz-Intel-LGA3647-Bulk-ohne-Kuehler/2775215	Intel Xeon Silver 4216 - Tray CPU - 16 Kerne 2.1 GHz - Intel LGA3647 - Bulk (ohne Kühler)	919.50
https://www.proshop.de/CPU/Intel-Core-i7-12700T-Alder-Lake-Tray-CPU-12-Kerne-14-GHz-Intel-LGA1700-Bulk-ohne-Kuehler/3030554	Intel Core i7-12700T Alder Lake - Tray CPU - 12 Kerne 1.4 GHz - Intel LGA1700 - Bulk (ohne Kühler)	438.73
https://www.proshop.de/CPU/Intel-Celeron-G5900T-32-GHz-processor-CPU-2-Kerne-32-GHz-Intel-LGA1200-Bulk-ohne-Kuehler/2978033	Intel Celeron G5900T / 3.2 GHz processor CPU - 2 Kerne 3.2 GHz - Intel LGA1200 - Bulk (ohne Kühler)	48.03
https://www.proshop.de/CPU/Intel-Core-i7-9700-3-GHz-processor-CPU-8-Kerne-3-GHz-Intel-LGA1151-Bulk-ohne-Kuehler/2868975	Intel Core i7 9700 / 3 GHz processor CPU - 8 Kerne 3 GHz - Intel LGA1151 - Bulk (ohne Kühler)	362.47
https://www.proshop.de/CPU/Intel-Celeron-G5925-Comet-Lake-CPU-2-Kerne-36-GHz-Intel-LGA1200-Intel-Boxed/2871301	Intel Celeron G5925 Comet Lake CPU - 2 Kerne 3.6 GHz - Intel LGA1200 - Intel Boxed	63.69
https://www.proshop.de/CPU/Intel-Xeon-E-2236-34-GHz-processor-CPU-6-Kerne-34-GHz-Intel-LGA1151-Bulk-ohne-Kuehler/2800761	Intel Xeon E-2236 / 3.4 GHz processor CPU - 6 Kerne 3.4 GHz - Intel LGA1151 - Bulk (ohne Kühler)	421.50
https://www.proshop.de/CPU/Intel-Xeon-Bronze-3206R-19-GHz-processor-CPU-8-Kerne-19-GHz-Intel-LGA3647-Bulk-ohne-Kuehler/2843599	Intel Xeon Bronze 3206R / 1.9 GHz processor CPU - 8 Kerne 1.9 GHz - Intel LGA3647 - Bulk (ohne Kühler)	442.94
https://www.proshop.de/CPU/Intel-Xeon-E-2226G-34-GHz-processor-CPU-6-Kerne-34-GHz-Intel-LGA1151-Bulk-ohne-Kuehler/2800762	Intel Xeon E-2226G / 3.4 GHz processor CPU - 6 Kerne 3.4 GHz - Intel LGA1151 - Bulk (ohne Kühler)	378.61
https://www.proshop.de/CPU/Intel-Xeon-W-W-2225-41-GHz-processor-CPU-4-Kerne-41-GHz-Intel-LGA2066-Bulk-ohne-Kuehler/2817639	Intel Xeon W W-2225 / 4.1 GHz processor CPU - 4 Kerne 4.1 GHz - Intel LGA2066 - Bulk (ohne Kühler)	643.49
https://www.proshop.de/CPU/Intel-Pentium-Gold-G6400T-34-GHz-processor-CPU-2-Kerne-34-GHz-Intel-LGA1200-Bulk-ohne-Kuehler/2942966	Intel Pentium Gold G6400T / 3.4 GHz processor CPU - 2 Kerne 3.4 GHz - Intel LGA1200 - Bulk (ohne Kühler)	71.87
https://www.proshop.de/CPU/Intel-Core-i3-10305-Comet-Lake-CPU-4-Kerne-38-GHz-Intel-LGA1200-Intel-Boxed/2924552	Intel Core i3-10305 Comet Lake CPU - 4 Kerne 3.8 GHz - Intel LGA1200 - Intel Boxed	170.98
https://www.proshop.de/CPU/Intel-Core-i3-10105-37-GHz-processor-CPU-4-Kerne-37-GHz-Intel-LGA1200-Bulk-ohne-Kuehler/3041490	Intel Core i3 10105 / 3.7 GHz processor CPU - 4 Kerne 3.7 GHz - Intel LGA1200 - Bulk (ohne Kühler)	110.47
https://www.proshop.de/CPU/Intel-Celeron-G5905-Comet-Lake-CPU-2-Kerne-35-GHz-Intel-LGA1200-Intel-Boxed/2871300	Intel Celeron G5905 Comet Lake CPU - 2 Kerne 3.5 GHz - Intel LGA1200 - Intel Boxed	48.24
https://www.proshop.de/CPU/Intel-Core-i7-10700KF-38-GHz-processor-CPU-8-Kerne-38-GHz-Intel-LGA1200-Bulk-ohne-Kuehler/2963757	Intel Core i7 10700KF / 3.8 GHz processor CPU - 8 Kerne 3.8 GHz - Intel LGA1200 - Bulk (ohne Kühler)	285.15
https://www.proshop.de/CPU/Intel-Xeon-Gold-6348-26-GHz-processor-OEM-CPU-28-Kerne-26-GHz-LGA4189-Socket-Bulk-ohne-Kuehler/3093163	Intel Xeon Gold 6348 / 2.6 GHz processor - OEM CPU - 28 Kerne 2.6 GHz - LGA4189 Socket - Bulk (ohne Kühler)	2872.21
https://www.proshop.de/CPU/Intel-Xeon-Gold-6248R-3-GHz-processor-CPU-24-Kerne-3-GHz-Intel-LGA3647-Bulk-ohne-Kuehler/2843579	Intel Xeon Gold 6248R / 3 GHz processor CPU - 24 Kerne 3 GHz - Intel LGA3647 - Bulk (ohne Kühler)	2546.83
https://www.proshop.de/CPU/Intel-Xeon-Proc-8360Y-54M-240-GHz-Tray-CPU-24-GHz-Bulk-ohne-Kuehler/2932022	Intel Xeon Proc 8360Y 54M 2.40 GHz Tray CPU - 2.4 GHz - Bulk (ohne Kühler)	6059.18
https://www.proshop.de/CPU/Intel-Pentium-Gold-G6605-Comet-Lake-CPU-2-Kerne-43-GHz-Intel-LGA1200-Intel-Boxed-without-heatsinkfan/2924547	Intel Pentium Gold G6605 Comet Lake CPU - 2 Kerne 4.3 GHz - Intel LGA1200 - Intel Boxed without heatsink/fan	104.63
https://www.proshop.de/CPU/Intel-Xeon-Gold-6330-2-GHz-processor-CPU-28-Kerne-2-GHz-LGA4189-Socket-Bulk-ohne-Kuehler/3061112	Intel Xeon Gold 6330 / 2 GHz processor CPU - 28 Kerne 2 GHz - LGA4189 Socket - Bulk (ohne Kühler)	2397.63
https://www.proshop.de/CPU/Intel-Xeon-Silver-processor-CPU-Intel-Boxed/2959326	Intel Xeon Silver processor CPU - Intel Boxed	648.12
https://www.proshop.de/CPU/Intel-Xeon-Gold-processor-CPU-Bulk-ohne-Kuehler/2956845	Intel Xeon Gold processor CPU - Bulk (ohne Kühler)	1156.24
https://www.proshop.de/CPU/Intel-Xeon-Silver-24-GHz-processor-CPU-24-GHz-Bulk-ohne-Kuehler/2956847	Intel Xeon Silver 2.4 GHz processor CPU - 2.4 GHz - Bulk (ohne Kühler)	724.74
https://www.proshop.de/CPU/AMD-EPYC-7513-26-GHz-processor-CPU-32-Kerne-26-GHz-AMD-SP3-Bulk-ohne-Kuehler/2944069	AMD EPYC 7513 / 2.6 GHz processor CPU - 32 Kerne 2.6 GHz - AMD SP3 - Bulk (ohne Kühler)	3018.01
https://www.proshop.de/CPU/Intel-Core-i5-11500-27-GHz-processor-CPU-6-Kerne-27-GHz-Intel-LGA1200-Bulk-ohne-Kuehler/3066701	Intel Core i5 11500 / 2.7 GHz processor CPU - 6 Kerne 2.7 GHz - Intel LGA1200 - Bulk (ohne Kühler)	252.18
https://www.proshop.de/CPU/Intel-Xeon-Gold-6128-34-GHz-processor-CPU-6-Kerne-34-GHz-Intel-LGA3647-Bulk-ohne-Kuehler/2881292	Intel Xeon Gold 6128 / 3.4 GHz processor CPU - 6 Kerne 3.4 GHz - Intel LGA3647 - Bulk (ohne Kühler)	1264.05
https://www.proshop.de/CPU/Intel-Xeon-Platinum-8180-CPU-28-Kerne-25-GHz-Intel-LGA3647-Intel-Boxed/2609050	Intel Xeon Platinum 8180 CPU - 28 Kerne 2.5 GHz - Intel LGA3647 - Intel Boxed	11277.34
https://www.proshop.de/CPU/Intel-Xeon-Gold-6152-Skylake-SP-CPU-22-Kerne-21-GHz-Intel-LGA3647-Intel-Boxed/2609048	Intel Xeon Gold 6152 - Skylake-SP CPU - 22 Kerne 2.1 GHz - Intel LGA3647 - Intel Boxed	4125.64
https://www.proshop.de/CPU/Intel-Xeon-Silver-4112-CPU-4-Kerne-26-GHz-Intel-LGA3647-Intel-Boxed/2623577	Intel Xeon Silver 4112 CPU - 4 Kerne 2.6 GHz - Intel LGA3647 - Intel Boxed	649.91
https://www.proshop.de/CPU/Intel-Xeon-Gold-6234-33-GHz-processor-CPU-8-Kerne-33-GHz-Intel-LGA3647-Intel-Boxed/2795072	Intel Xeon Gold 6234 / 3.3 GHz processor CPU - 8 Kerne 3.3 GHz - Intel LGA3647 - Intel Boxed	2945.33
https://www.proshop.de/CPU/Intel-Xeon-Gold-6242-Cascade-Lake-CPU-16-Kerne-28-GHz-Intel-LGA3647-Intel-Boxed/2774947	Intel Xeon Gold 6242 - Cascade Lake CPU - 16 Kerne 2.8 GHz - Intel LGA3647 - Intel Boxed	3405.67
https://www.proshop.de/CPU/Intel-Xeon-Gold-5218-Cascade-Lake-CPU-16-Kerne-23-GHz-Intel-LGA3647-Intel-Boxed/2775054	Intel Xeon Gold 5218 - Cascade Lake CPU - 16 Kerne 2.3 GHz - Intel LGA3647 - Intel Boxed	3029.00
https://www.proshop.de/CPU/Intel-Core-i5-10600-Comet-Lake-CPU-6-Kerne-33-GHz-Intel-LGA1200-Intel-Boxed/2835784	Intel Core i5-10600 Comet Lake CPU - 6 Kerne 3.3 GHz - Intel LGA1200 - Intel Boxed	286.35
https://www.proshop.de/CPU/Intel-Xeon-Gold-5218-23-GHz-processor-CPU-16-Kerne-23-GHz-Intel-LGA3647-Intel-Boxed/2843583	Intel Xeon Gold 5218 / 2.3 GHz processor CPU - 16 Kerne 2.3 GHz - Intel LGA3647 - Intel Boxed	3681.96
https://www.proshop.de/CPU/Intel-Xeon-Gold-6336Y-CPU-24-Kerne-24-GHz-LGA4189-Socket-Intel-Boxed/2959321	Intel Xeon Gold 6336Y CPU - 24 Kerne 2.4 GHz - LGA4189 Socket - Intel Boxed	3862.51
https://www.proshop.de/CPU/Intel-Xeon-W-1390-28-GHz-processor-CPU-8-Kerne-28-GHz-Intel-LGA1200-Intel-Boxed/2971122	Intel Xeon W-1390 / 2.8 GHz processor CPU - 8 Kerne 2.8 GHz - Intel LGA1200 - Intel Boxed	739.73
https://www.proshop.de/CPU/Intel-Xeon-Gold-processor-CPU-Bulk-ohne-Kuehler/2956844	Intel Xeon Gold processor CPU - Bulk (ohne Kühler)	2369.91
https://www.proshop.de/CPU/Intel-Xeon-E3-1225-V6-CPU-4-Kerne-33-GHz-Intel-LGA1151-Intel-Boxed/2595372	Intel Xeon E3-1225 V6 CPU - 4 Kerne 3.3 GHz - Intel LGA1151 - Intel Boxed	613.28
https://www.proshop.de/CPU/AMD-EPYC-7502-25-GHz-processor-CPU-32-Kerne-25-GHz-AMD-SP3-Bulk-ohne-Kuehler/3055726	AMD EPYC 7502 / 2.5 GHz processor CPU - 32 Kerne 2.5 GHz - AMD SP3 - Bulk (ohne Kühler)	2243.85
https://www.proshop.de/CPU/Intel-Core-i3-10105F-37-GHz-processor-CPU-4-Kerne-37-GHz-Intel-LGA1200-Bulk-ohne-Kuehler/3041491	Intel Core i3 10105F / 3.7 GHz processor CPU - 4 Kerne 3.7 GHz - Intel LGA1200 - Bulk (ohne Kühler)	77.48
https://www.proshop.de/CPU/Intel-Xeon-E-2224G-Tray-CPU-4-Kerne-4-GHz-Intel-LGA1151-Bulk-ohne-Kuehler/2777082	Intel Xeon E-2224G - Tray CPU - 4 Kerne 4 GHz - Intel LGA1151 - Bulk (ohne Kühler)	330.69
https://www.proshop.de/CPU/HP-AMD-Opteron-8439-SE-Processor-CPU-6-Kerne-28-GHz/2332786	HP AMD Opteron 8439 SE / Processor CPU - 6 Kerne 2.8 GHz -	789.91
https://www.proshop.de/CPU/Intel-Xeon-W-1270-34GHz-LGA1200-Tray-CPU/2859627	Intel Xeon W-1270 3.4GHz LGA1200 Tray CPU -	693.25
https://www.proshop.de/CPU/Intel-Xeon-Gold-6140-Skylake-SP-CPU-18-Kerne-23-GHz-Intel-LGA3647-Intel-Boxed/2609049	Intel Xeon Gold 6140 - Skylake-SP CPU - 18 Kerne 2.3 GHz - Intel LGA3647 - Intel Boxed	2763.47
https://www.proshop.de/CPU/AMD-EPYC-7643-23-GHz-processor-CPU-48-Kerne-23-GHz-AMD-SP3-Bulk-ohne-Kuehler/3055792	AMD EPYC 7643 / 2.3 GHz processor CPU - 48 Kerne 2.3 GHz - AMD SP3 - Bulk (ohne Kühler)	5604.78
https://www.proshop.de/CPU/AMD-EPYC-7373X-305-GHz-processor-CPU-16-Kerne-AMD-SP3-Bulk-ohne-Kuehler/3065254	AMD EPYC 7373X / 3.05 GHz processor CPU - 16 Kerne - AMD SP3 - Bulk (ohne Kühler)	4446.93
https://www.proshop.de/CPU/AMD-EPYC-7473X-28-GHz-processor-CPU-24-Kerne-28-GHz-AMD-SP3-Bulk-ohne-Kuehler/3065249	AMD EPYC 7473X / 2.8 GHz processor CPU - 24 Kerne 2.8 GHz - AMD SP3 - Bulk (ohne Kühler)	4144.63
https://www.proshop.de/CPU/Intel-Xeon-Platinum-8180-CPU-28-Kerne-25-GHz-Intel-LGA3647-Intel-Boxed/2609050	Intel Xeon Platinum 8180 CPU - 28 Kerne 2.5 GHz - Intel LGA3647 - Intel Boxed	11277.34
https://www.proshop.de/CPU/Intel-Xeon-Gold-6152-Skylake-SP-CPU-22-Kerne-21-GHz-Intel-LGA3647-Intel-Boxed/2609048	Intel Xeon Gold 6152 - Skylake-SP CPU - 22 Kerne 2.1 GHz - Intel LGA3647 - Intel Boxed	4125.64
https://www.proshop.de/CPU/Intel-Xeon-Silver-4112-CPU-4-Kerne-26-GHz-Intel-LGA3647-Intel-Boxed/2623577	Intel Xeon Silver 4112 CPU - 4 Kerne 2.6 GHz - Intel LGA3647 - Intel Boxed	649.91
https://www.proshop.de/CPU/Intel-Xeon-Gold-6234-33-GHz-processor-CPU-8-Kerne-33-GHz-Intel-LGA3647-Intel-Boxed/2795072	Intel Xeon Gold 6234 / 3.3 GHz processor CPU - 8 Kerne 3.3 GHz - Intel LGA3647 - Intel Boxed	2945.33
https://www.proshop.de/CPU/Intel-Xeon-Gold-6242-Cascade-Lake-CPU-16-Kerne-28-GHz-Intel-LGA3647-Intel-Boxed/2774947	Intel Xeon Gold 6242 - Cascade Lake CPU - 16 Kerne 2.8 GHz - Intel LGA3647 - Intel Boxed	3405.67
https://www.proshop.de/CPU/Intel-Xeon-Gold-5218-Cascade-Lake-CPU-16-Kerne-23-GHz-Intel-LGA3647-Intel-Boxed/2775054	Intel Xeon Gold 5218 - Cascade Lake CPU - 16 Kerne 2.3 GHz - Intel LGA3647 - Intel Boxed	3029.00
https://www.proshop.de/CPU/Intel-Core-i5-10600-Comet-Lake-CPU-6-Kerne-33-GHz-Intel-LGA1200-Intel-Boxed/2835784	Intel Core i5-10600 Comet Lake CPU - 6 Kerne 3.3 GHz - Intel LGA1200 - Intel Boxed	286.35
https://www.proshop.de/CPU/Intel-Xeon-Gold-5218-23-GHz-processor-CPU-16-Kerne-23-GHz-Intel-LGA3647-Intel-Boxed/2843583	Intel Xeon Gold 5218 / 2.3 GHz processor CPU - 16 Kerne 2.3 GHz - Intel LGA3647 - Intel Boxed	3681.96
https://www.proshop.de/CPU/AMD-EPYC-7502-25-GHz-processor-CPU-32-Kerne-25-GHz-AMD-SP3-Bulk-ohne-Kuehler/3055726	AMD EPYC 7502 / 2.5 GHz processor CPU - 32 Kerne 2.5 GHz - AMD SP3 - Bulk (ohne Kühler)	2243.85
https://www.proshop.de/CPU/Intel-Xeon-E-2224G-Tray-CPU-4-Kerne-4-GHz-Intel-LGA1151-Bulk-ohne-Kuehler/2777082	Intel Xeon E-2224G - Tray CPU - 4 Kerne 4 GHz - Intel LGA1151 - Bulk (ohne Kühler)	330.69
https://www.proshop.de/CPU/Intel-Xeon-W-1290-32GHz-LGA1200-Tray-CPU/2859624	Intel Xeon W-1290 3.2GHz LGA1200 Tray CPU -	1006.51
https://www.proshop.de/CPU/Intel-Core-i3-10100-Comet-Lake-CPU-4-Kerne-36-GHz-Intel-LGA1200-Intel-Boxed/2835768	Intel Core i3-10100 Comet Lake CPU - 4 Kerne 3.6 GHz - Intel LGA1200 - Intel Boxed	127.71
https://www.proshop.de/CPU/Intel-DEMO-Core-i5-7400T-Kaby-Lake-CPU-4-Kerne-24-GHz-Intel-LGA1151-Intel-Boxed/2581400d	Intel *DEMO* Core i5-7400T Kaby Lake CPU - 4 Kerne 2.4 GHz - Intel LGA1151 - Intel Boxed	501.16
https://www.proshop.de/CPU/Intel-Xeon-W-1270-34GHz-LGA1200-Tray-CPU/2859627	Intel Xeon W-1270 3.4GHz LGA1200 Tray CPU -	693.25
https://www.proshop.de/CPU/AMD-EPYC-7343-32-GHz-processor-CPU-16-Kerne-32-GHz-AMD-SP3-Bulk-ohne-Kuehler/3061102	AMD EPYC 7343 / 3.2 GHz processor CPU - 16 Kerne 3.2 GHz - AMD SP3 - Bulk (ohne Kühler)	1349.90
https://www.proshop.de/CPU/HP-AMD-Opteron-8439-SE-Processor-CPU-6-Kerne-28-GHz/2332786	HP AMD Opteron 8439 SE / Processor CPU - 6 Kerne 2.8 GHz -	789.91
https://www.proshop.de/CPU/Intel-Xeon-Gold-6248-Cascade-Lake-CPU-20-Kerne-25-GHz-Intel-LGA3647-Intel-Boxed/2775057	Intel Xeon Gold 6248 - Cascade Lake CPU - 20 Kerne 2.5 GHz - Intel LGA3647 - Intel Boxed	4119.24
https://www.proshop.de/CPU/AMD-EPYC-7713P-2-GHz-processor-CPU-64-Kerne-2-GHz-AMD-SP3-Bulk-ohne-Kuehler/3026063	AMD EPYC 7713P / 2 GHz processor CPU - 64 Kerne 2 GHz - AMD SP3 - Bulk (ohne Kühler)	5552.98
https://www.proshop.de/CPU/AMD-EPYC-7763-245-GHz-processor-CPU-64-Kerne-245-GHz-AMD-SP3-Bulk-ohne-Kuehler/3028589	AMD EPYC 7763 / 2.45 GHz processor CPU - 64 Kerne 2.45 GHz - AMD SP3 - Bulk (ohne Kühler)	7185.96
https://www.proshop.de/CPU/AMD-EPYC-7402P-28-GHz-processor-CPU-24-Kerne-28-GHz-AMD-SP3-Bulk-ohne-Kuehler/3055724	AMD EPYC 7402P / 2.8 GHz processor CPU - 24 Kerne 2.8 GHz - AMD SP3 - Bulk (ohne Kühler)	1477.44
https://www.proshop.de/CPU/AMD-EPYC-7F72-32-GHz-processor-CPU-24-Kerne-32-GHz-AMD-SP3-Bulk-ohne-Kuehler/3055465	AMD EPYC 7F72 / 3.2 GHz processor CPU - 24 Kerne 3.2 GHz - AMD SP3 - Bulk (ohne Kühler)	2672.12
https://www.proshop.de/CPU/AMD-EPYC-7702-2-GHz-processor-CPU-64-Kerne-2-GHz-AMD-SP3-Bulk-ohne-Kuehler/3055727	AMD EPYC 7702 / 2 GHz processor CPU - 64 Kerne 2 GHz - AMD SP3 - Bulk (ohne Kühler)	6590.54
https://www.proshop.de/CPU/Intel-Core-i9-10920X-Cascade-Lake-X-CPU-12-Kerne-35-GHz-Intel-LGA2066-Intel-Boxed/2804468	Intel Core i9-10920X Cascade Lake-X CPU - 12 Kerne 3.5 GHz - Intel LGA2066 - Intel Boxed	889.75
https://www.proshop.de/CPU/Intel-Pentium-Gold-G6600-Comet-Lake-CPU-2-Kerne-42-GHz-Intel-LGA1200-Intel-Boxed-without-heatsinkfan/2835766	Intel Pentium Gold G6600 Comet Lake CPU - 2 Kerne 4.2 GHz - Intel LGA1200 - Intel Boxed without heatsink/fan	101.96
https://www.proshop.de/CPU/Intel-Xeon-W-W-2223-36-GHz-processor-CPU-4-Kerne-36-GHz-Intel-LGA2066-Intel-Boxed/2817640	Intel Xeon W W-2223 / 3.6 GHz processor CPU - 4 Kerne 3.6 GHz - Intel LGA2066 - Intel Boxed	385.75
https://www.proshop.de/CPU/Intel-Xeon-W-3223-Tray-CPU-8-Kerne-35-GHz-Intel-LGA3647-Bulk-ohne-Kuehler/2780294	Intel Xeon W-3223 - Tray CPU - 8 Kerne 3.5 GHz - Intel LGA3647 - Bulk (ohne Kühler)	942.28
https://www.proshop.de/CPU/Intel-Xeon-Gold-6226R-29-GHz-processor-CPU-16-Kerne-29-GHz-Intel-LGA3647-Intel-Boxed/2843575	Intel Xeon Gold 6226R / 2.9 GHz processor CPU - 16 Kerne 2.9 GHz - Intel LGA3647 - Intel Boxed	1749.99
https://www.proshop.de/CPU/Intel-Xeon-Gold-5220-22-GHz-processor-CPU-18-Kerne-22-GHz-Intel-LGA3647-Intel-Boxed/2843574	Intel Xeon Gold 5220 / 2.2 GHz processor CPU - 18 Kerne 2.2 GHz - Intel LGA3647 - Intel Boxed	2049.77
https://www.proshop.de/CPU/Intel-Xeon-Silver-4210-22-GHz-processor-CPU-10-Kerne-22-GHz-Intel-LGA3647-Intel-Boxed/2832031	Intel Xeon Silver 4210 / 2.2 GHz processor CPU - 10 Kerne 2.2 GHz - Intel LGA3647 - Intel Boxed	655.64
https://www.proshop.de/CPU/Intel-Xeon-34-GHz-processor-CPU-34-GHz-Bulk-ohne-Kuehler/3007966	Intel Xeon 3.4 GHz processor CPU - 3.4 GHz - Bulk (ohne Kühler)	360.27
https://www.proshop.de/CPU/Intel-Xeon-Silver-24-GHz-processor-CPU-24-GHz-Intel-Boxed/2959325	Intel Xeon Silver 2.4 GHz processor CPU - 2.4 GHz - Intel Boxed	1130.56
https://www.proshop.de/CPU/Intel-Xeon-Silver-4310T-Tray-CPU-23-GHz-Bulk-ohne-Kuehler/2956852	Intel Xeon Silver 4310T - Tray CPU - 2.3 GHz - Bulk (ohne Kühler)	821.34
https://www.proshop.de/CPU/Intel-Xeon-Silver-4214-22-GHz-processor-CPU-12-Kerne-22-GHz-Intel-LGA3647-Intel-Boxed/2843584	Intel Xeon Silver 4214 / 2.2 GHz processor CPU - 12 Kerne 2.2 GHz - Intel LGA3647 - Intel Boxed	906.25
https://www.proshop.de/CPU/Intel-Core-i5-9500T-22-GHz-processor-CPU-6-Kerne-22-GHz-Intel-LGA1151-Bulk-ohne-Kuehler/2869915	Intel Core i5 9500T / 2.2 GHz processor CPU - 6 Kerne 2.2 GHz - Intel LGA1151 - Bulk (ohne Kühler)	272.92
https://www.proshop.de/CPU/Intel-Pentium-Gold-G6600-Comet-Lake-CPU-2-Kerne-42-GHz-Intel-LGA1200-Intel-Boxed-without-heatsinkfan/2835766	Intel Pentium Gold G6600 Comet Lake CPU - 2 Kerne 4.2 GHz - Intel LGA1200 - Intel Boxed without heatsink/fan	101.96
https://www.proshop.de/CPU/Intel-Xeon-W-W-2223-36-GHz-processor-CPU-4-Kerne-36-GHz-Intel-LGA2066-Intel-Boxed/2817640	Intel Xeon W W-2223 / 3.6 GHz processor CPU - 4 Kerne 3.6 GHz - Intel LGA2066 - Intel Boxed	385.75
https://www.proshop.de/CPU/Intel-Xeon-W-W-2265-35-GHz-processor-CPU-12-Kerne-35-GHz/2817635	Intel Xeon W W-2265 / 3.5 GHz processor CPU - 12 Kerne 3.5 GHz -	1282.90
https://www.proshop.de/CPU/AMD-Ryzen-ThreadRipper-PRO-3955WX-39-GHz-processor-CPU-16-Kerne-39-GHz-AMD-sWRX8-Bulk-ohne-Kuehler/3073882	AMD Ryzen ThreadRipper PRO 3955WX / 3.9 GHz processor CPU - 16 Kerne 3.9 GHz - AMD sWRX8 - Bulk (ohne Kühler)	1249.63
https://www.proshop.de/CPU/Intel-Xeon-E5-2660-V3-CPU-10-Kerne-26-GHz-Intel-LGA2011-V3-Intel-Boxed/2466060	Intel Xeon E5-2660 V3 CPU - 10 Kerne 2.6 GHz - Intel LGA2011-V3 - Intel Boxed	1238.82
https://www.proshop.de/CPU/Intel-DEMO-Xeon-Gold-6144-Skylake-SP-CPU-8-Kerne-35-GHz-Intel-LGA3647-OEMtray-mit-Kuehler/2657561d	Intel *DEMO* Xeon Gold 6144 - Skylake-SP CPU - 8 Kerne 3.5 GHz - Intel LGA3647 - OEM/tray (mit Kühler)	906.12
https://www.proshop.de/CPU/Intel-Xeon-W-3335-34-GHz-processor-OEM-CPU-16-Kerne-34-GHz-LGA4189-Socket-Bulk-ohne-Kuehler/3122355	Intel Xeon W-3335 / 3.4 GHz processor - OEM CPU - 16 Kerne 3.4 GHz - LGA4189 Socket - Bulk (ohne Kühler)	2245.01
https://www.proshop.de/CPU/Intel-Xeon-Gold-processor-CPU-Bulk-ohne-Kuehler/2956838	Intel Xeon Gold processor CPU - Bulk (ohne Kühler)	2445.34
https://www.proshop.de/CPU/AMD-Ryzen-3-4100-Wraith-Stealth-CPU-4-Kerne-38-GHz-AMD-AM4-AMD-Boxed-PIB-mit-Kuehler/3056695	AMD Ryzen 3 4100 Wraith Stealth CPU - 4 Kerne 3.8 GHz - AMD AM4 - AMD Boxed (PIB - mit Kühler)	84.90
https://www.proshop.de/CPU/Intel-Xeon-Gold-5220R-22-GHz-processor-CPU-24-Kerne-22-GHz-Intel-LGA3647-Bulk-ohne-Kuehler/2843593	Intel Xeon Gold 5220R / 2.2 GHz processor CPU - 24 Kerne 2.2 GHz - Intel LGA3647 - Bulk (ohne Kühler)	1739.83
https://www.proshop.de/CPU/Intel-Core-i7-11700KF-processor-CPU-8-Kerne-Bulk-ohne-Kuehler/3059576	Intel Core i7 11700KF processor CPU - 8 Kerne - Bulk (ohne Kühler)	328.83
https://www.proshop.de/CPU/Intel-Xeon-Silver-4210-Tray-CPU-10-Kerne-22-GHz-Intel-LGA3647-Bulk-ohne-Kuehler/2743609	Intel Xeon Silver 4210 - Tray CPU - 10 Kerne 2.2 GHz - Intel LGA3647 - Bulk (ohne Kühler)	491.26
https://www.proshop.de/CPU/Intel-Xeon-E5-2403V2-18-GHz-processor-Box-CPU-4-Kerne-18-GHz-Intel-LGA1356-Intel-Boxed/3084172	Intel Xeon E5-2403V2 / 1.8 GHz processor - Box CPU - 4 Kerne 1.8 GHz - Intel LGA1356 - Intel Boxed	492.91
https://www.proshop.de/CPU/Intel-Core-i9-10940X-X-series-33-GHz-processor-CPU-14-Kerne-33-GHz-Intel-LGA2066-Bulk-ohne-Kuehler/2848215	Intel Core i9 10940X X-series / 3.3 GHz processor CPU - 14 Kerne 3.3 GHz - Intel LGA2066 - Bulk (ohne Kühler)	973.43
https://www.proshop.de/CPU/Intel-Xeon-Silver-4214R-24-GHz-processor-CPU-12-Kerne-24-GHz-Intel-LGA3647-Bulk-ohne-Kuehler/2843592	Intel Xeon Silver 4214R / 2.4 GHz processor CPU - 12 Kerne 2.4 GHz - Intel LGA3647 - Bulk (ohne Kühler)	678.42
https://www.proshop.de/CPU/Intel-Xeon-Gold-5215-Cascade-Lake-Tray-CPU-10-Kerne-25-GHz-Intel-LGA3647-Bulk-ohne-Kuehler/2775211	Intel Xeon Gold 5215 - Cascade Lake - Tray CPU - 10 Kerne 2.5 GHz - Intel LGA3647 - Bulk (ohne Kühler)	1435.31
https://www.proshop.de/Grafikkarte/PowerColor-Radeon-RX-6700-XT-Fighter-12GB-GDDR6-Grafikkarte/2930939	PowerColor Radeon RX 6700 XT Fighter - 12GB GDDR6 - Grafikkarte	515.25
https://www.proshop.de/Grafikkarte/MSI-GeForce-RTX-4090-GAMING-X-TRIO-24GB-GDDR6X-RAM-Grafikkarte/3108360	MSI GeForce RTX 4090 GAMING X TRIO - 24GB GDDR6X RAM - Grafikkarte	2299.00
https://www.proshop.de/Grafikkarte/MSI-GeForce-RTX-4090-SUPRIM-X-24GB-GDDR6X-RAM-Grafikkarte/3108362	MSI GeForce RTX 4090 SUPRIM X - 24GB GDDR6X RAM - Grafikkarte	2319.00
https://www.proshop.de/Grafikkarte/ASUS-GeForce-RTX-4090-ROG-STRIX-OC-24GB-GDDR6X-RAM-Grafikkarte/3106488	ASUS GeForce RTX 4090 ROG STRIX OC - 24GB GDDR6X RAM - Grafikkarte	2549.00
https://www.proshop.de/Grafikkarte/MSI-GeForce-RTX-4090-SUPRIM-LIQUID-X-24GB-GDDR6X-RAM-Grafikkarte/3108364	MSI GeForce RTX 4090 SUPRIM LIQUID X - 24GB GDDR6X RAM - Grafikkarte	2399.00
https://www.proshop.de/Grafikkarte/ASUS-GeForce-RTX-4090-TUF-OC-24GB-GDDR6X-RAM-Grafikkarte-DEMO/3106486d	ASUS GeForce RTX 4090 TUF OC - 24GB GDDR6X RAM - Grafikkarte *DEMO*	1998.49
https://www.proshop.de/Grafikkarte/ASUS-GeForce-RTX-4090-ROG-STRIX-OC-24GB-GDDR6X-RAM-Grafikkarte-DEMO/3106488d	ASUS GeForce RTX 4090 ROG STRIX OC - 24GB GDDR6X RAM - Grafikkarte *DEMO*	2142.85
https://www.proshop.de/Grafikkarte/MSI-GeForce-RTX-3080-VENTUS-3X-PLUS-OC-LHR-10GB-GDDR6X-RAM-Grafikkarte/3001251	MSI GeForce RTX 3080 VENTUS 3X PLUS OC LHR - 10GB GDDR6X RAM - Grafikkarte	899.00
https://www.proshop.de/Grafikkarte/MSI-GeForce-RTX-4090-GAMING-TRIO-24GB-GDDR6X-RAM-Grafikkarte/3108359	MSI GeForce RTX 4090 GAMING TRIO - 24GB GDDR6X RAM - Grafikkarte	2029.00
https://www.proshop.de/Grafikkarte/ASUS-GeForce-RTX-4080-ROG-STRIX-OC-16GB-GDDR6X-RAM-Grafikkarte/3113884	ASUS GeForce RTX 4080 ROG STRIX OC - 16GB GDDR6X RAM - Grafikkarte	1729.00
https://www.proshop.de/Grafikkarte/GIGABYTE-Radeon-RX-6900-XT-Ultimate-Xtreme-WaterForce-WB-16GB-GDDR6-Grafikkarte/2956298	GIGABYTE Radeon RX 6900 XT Ultimate Xtreme WaterForce WB - 16GB GDDR6 - Grafikkarte	799.00
https://www.proshop.de/Grafikkarte/GIGABYTE-GeForce-RTX-4090-AORUS-Master-24GB-GDDR6X-RAM-Grafikkarte/3106630	GIGABYTE GeForce RTX 4090 AORUS Master - 24GB GDDR6X RAM - Grafikkarte	Unknown
https://www.proshop.de/Grafikkarte/ASUS-GeForce-RTX-3070-TUF-OC-V2-LHR-8GB-GDDR6-Grafikkarte/2958586	ASUS GeForce RTX 3070 TUF OC V2 LHR - 8GB GDDR6 - Grafikkarte	799.90
https://www.proshop.de/Grafikkarte/MSI-GeForce-RTX-4080-GAMING-X-TRIO-16GB-GDDR6X-RAM-Grafikkarte/3113950	MSI GeForce RTX 4080 GAMING X TRIO - 16GB GDDR6X RAM - Grafikkarte	1589.00
https://www.proshop.de/Grafikkarte/ASUS-GeForce-RTX-4080-TUF-OC-16GB-GDDR6X-RAM-Grafikkarte/3113882	ASUS GeForce RTX 4080 TUF OC - 16GB GDDR6X RAM - Grafikkarte	1599.00
https://www.proshop.de/Grafikkarte/GIGABYTE-GeForce-RTX-3050-EAGLE-OC-8GB-GDDR6-Grafikkarte/3029572	GIGABYTE GeForce RTX 3050 EAGLE OC - 8GB GDDR6 - Grafikkarte	334.48
https://www.proshop.de/Grafikkarte/ASUS-Radeon-RX-6900-XT-TUF-OC-16GB-GDDR6-Grafikkarte/2912107	ASUS Radeon RX 6900 XT TUF OC - 16GB GDDR6 - Grafikkarte	944.73
https://www.proshop.de/Grafikkarte/Inno3D-GeForce-RTX-4080-iCHILL-X3-16GB-GDDR6X-RAM-Grafikkarte/3116352	Inno3D GeForce RTX 4080 iCHILL X3 - 16GB GDDR6X RAM - Grafikkarte	1649.00
https://www.proshop.de/Grafikkarte/ASUS-GeForce-RTX-4090-TUF-OC-24GB-GDDR6X-RAM-Grafikkarte/3106486	ASUS GeForce RTX 4090 TUF OC - 24GB GDDR6X RAM - Grafikkarte	2349.90
https://www.proshop.de/Grafikkarte/GIGABYTE-GeForce-RTX-4080-AORUS-Xtreme-WaterForce-16GB-GDDR6X-RAM-Grafikkarte/3119862	GIGABYTE GeForce RTX 4080 AORUS Xtreme WaterForce - 16GB GDDR6X RAM - Grafikkarte	1739.00
https://www.proshop.de/Grafikkarte/ASUS-GeForce-RTX-3060-DUAL-OC-White-8GB-GDDR6-Grafikkarte/3118198	ASUS GeForce RTX 3060 DUAL OC White - 8GB GDDR6 - Grafikkarte	419.90
https://www.proshop.de/Grafikkarte/ASUS-GeForce-RTX-3070-Ti-ROG-STRIX-OC-8GB-GDDR6X-RAM-Grafikkarte/2958603	ASUS GeForce RTX 3070 Ti ROG STRIX OC - 8GB GDDR6X RAM - Grafikkarte	832.73
https://www.proshop.de/Grafikkarte/ASUS-GeForce-RTX-3050-Phoenix-8GB-GDDR6-Grafikkarte/3031568	ASUS GeForce RTX 3050 Phoenix - 8GB GDDR6 - Grafikkarte	319.90
https://www.proshop.de/Grafikkarte/PowerColor-Radeon-RX-6900-XT-Ultimate-Red-Devil-16GB-GDDR6-Grafikkarte/2939986	PowerColor Radeon RX 6900 XT Ultimate Red Devil - 16GB GDDR6 - Grafikkarte	903.05
https://www.proshop.de/Grafikkarte/AMD-Radeon-RX-6950-XT-AMD-Reference-16GB-GDDR6-Grafikkarte/3113603	AMD Radeon RX 6950 XT AMD Reference - 16GB GDDR6 - Grafikkarte	1068.56
https://www.proshop.de/Grafikkarte/MSI-GeForce-RTX-3070-GAMING-Z-TRIO-LHR-8GB-GDDR6-Grafikkarte/2969698	MSI GeForce RTX 3070 GAMING Z TRIO LHR - 8GB GDDR6 - Grafikkarte	736.28
https://www.proshop.de/Grafikkarte/ASUS-GeForce-RTX-3060-Ti-TUF-OC-8GB-GDDR6X-RAM-Grafikkarte/3118200	ASUS GeForce RTX 3060 Ti TUF OC - 8GB GDDR6X RAM - Grafikkarte	613.58
https://www.proshop.de/Grafikkarte/Sapphire-Radeon-RX-6600-Pulse-8GB-GDDR6-Grafikkarte/3001295	Sapphire Radeon RX 6600 Pulse - 8GB GDDR6 - Grafikkarte	315.10
https://www.proshop.de/Grafikkarte/Sapphire-Radeon-RX-6800-XT-Nitro-SE-16GB-GDDR6-Grafikkarte/2909013	Sapphire Radeon RX 6800 XT Nitro+ SE - 16GB GDDR6 - Grafikkarte	872.90
https://www.proshop.de/Grafikkarte/PNY-NVIDIA-RTX-A2000-Black-6GB-GDDR6-Grafikkarte/2994355	PNY NVIDIA RTX A2000 Black - 6GB GDDR6 - Grafikkarte	481.28
https://www.proshop.de/Grafikkarte/PowerColor-Radeon-RX-6750-XT-Red-Devil-12GB-GDDR6X-RAM-Grafikkarte/3067567	PowerColor Radeon RX 6750 XT Red Devil - 12GB GDDR6X RAM - Grafikkarte	749.39
https://www.proshop.de/Grafikkarte/ASUS-GeForce-RTX-3060-TUF-OC-V2-LHR-12GB-GDDR6-Grafikkarte/2958572	ASUS GeForce RTX 3060 TUF OC V2 LHR - 12GB GDDR6 - Grafikkarte	488.11
https://www.proshop.de/Grafikkarte/ASUS-GeForce-RTX-4090-TUF-24GB-GDDR6X-RAM-Grafikkarte/3106485	ASUS GeForce RTX 4090 TUF - 24GB GDDR6X RAM - Grafikkarte	2049.00
https://www.proshop.de/Grafikkarte/GIGABYTE-GeForce-RTX-4080-AORUS-Master-16GB-GDDR6X-RAM-Grafikkarte/3115875	GIGABYTE GeForce RTX 4080 AORUS Master - 16GB GDDR6X RAM - Grafikkarte	1649.00
https://www.proshop.de/Grafikkarte/ASUS-GeForce-RTX-3060-DUAL-OC-V2-LHR-12GB-GDDR6-Grafikkarte/2958554	ASUS GeForce RTX 3060 DUAL OC V2 LHR - 12GB GDDR6 - Grafikkarte	401.49
https://www.proshop.de/Grafikkarte/GIGABYTE-GeForce-RTX-3080-Ti-VISION-OC-12GB-GDDR6X-RAM-Grafikkarte/2955718	GIGABYTE GeForce RTX 3080 Ti VISION OC - 12GB GDDR6X RAM - Grafikkarte	2555.53
https://www.proshop.de/Grafikkarte/MSI-GeForce-RTX-4080-SUPRIM-X-16GB-GDDR6X-RAM-Grafikkarte/3113952	MSI GeForce RTX 4080 SUPRIM X - 16GB GDDR6X RAM - Grafikkarte	1649.00
https://www.proshop.de/Grafikkarte/MSI-GeForce-RTX-3060-Ti-GAMING-X-LHR-8GB-GDDR6-Grafikkarte/2969686	MSI GeForce RTX 3060 Ti GAMING X LHR - 8GB GDDR6 - Grafikkarte	591.15
https://www.proshop.de/Grafikkarte/ASUS-Radeon-RX-6600-DUAL-8GB-GDDR6-Grafikkarte/3008257	ASUS Radeon RX 6600 DUAL - 8GB GDDR6 - Grafikkarte	339.39
https://www.proshop.de/Grafikkarte/GIGABYTE-Radeon-RX-6700-XT-GAMING-OC-12GB-GDDR6-Grafikkarte/2929323	GIGABYTE Radeon RX 6700 XT GAMING OC - 12GB GDDR6 - Grafikkarte	938.16
https://www.proshop.de/Grafikkarte/Sapphire-Radeon-RX-6800-Nitro-16GB-GDDR6-Grafikkarte/2909011	Sapphire Radeon RX 6800 Nitro+ - 16GB GDDR6 - Grafikkarte	671.21
https://www.proshop.de/Grafikkarte/GIGABYTE-GeForce-RTX-3070-Ti-GAMING-OC-8GB-GDDR6X-RAM-Grafikkarte/2960584	GIGABYTE GeForce RTX 3070 Ti GAMING OC - 8GB GDDR6X RAM - Grafikkarte	759.00
https://www.proshop.de/Grafikkarte/ASUS-Radeon-RX-6950-XT-16GB-GDDR6-Grafikkarte/3120597	ASUS Radeon RX 6950 XT - 16GB GDDR6 - Grafikkarte	1059.87
https://www.proshop.de/Grafikkarte/GIGABYTE-GeForce-RTX-4090-WindForce-24GB-GDDR6X-RAM-Grafikkarte/3104777	GIGABYTE GeForce RTX 4090 WindForce - 24GB GDDR6X RAM - Grafikkarte	2199.00
https://www.proshop.de/Grafikkarte/MSI-GeForce-RTX-3060-GAMING-Z-TRIO-LHR-12GB-GDDR6-Grafikkarte/2960698	MSI GeForce RTX 3060 GAMING Z TRIO LHR - 12GB GDDR6 - Grafikkarte	559.32
https://www.proshop.de/Grafikkarte/ASRock-Arc-A380-Challenger-ITX-6GB-GDDR6-Grafikkarte/3110700	ASRock Arc A380 Challenger ITX - 6GB GDDR6 - Grafikkarte	197.16
https://www.proshop.de/Grafikkarte/MSI-GeForce-GT-1030-Silent-Low-Profile-OC-2GB-DDR4-Grafikkarte/2653960	MSI GeForce GT 1030 Silent Low Profile OC - 2GB DDR4 - Grafikkarte	112.48
https://www.proshop.de/Grafikkarte/ASRock-Arc-A750-Challenger-D-OC-8GB-GDDR6-Grafikkarte/3115983	ASRock Arc A750 Challenger D OC - 8GB GDDR6 - Grafikkarte	444.50
https://www.proshop.de/Grafikkarte/ASUS-GeForce-RTX-3060-Ti-TUF-OC-V2-LHR-8GB-GDDR6-Grafikkarte/2958580	ASUS GeForce RTX 3060 Ti TUF OC V2 LHR - 8GB GDDR6 - Grafikkarte	598.47
https://www.proshop.de/Grafikkarte/PNY-NVIDIA-A40-48GB-GDDR6-Grafikkarte/2926330	PNY NVIDIA A40 - 48GB GDDR6 - Grafikkarte	15544.93
https://www.proshop.de/Grafikkarte/ASUS-GeForce-RTX-3060-Ti-DUAL-MINI-OC-V2-LHR-8GB-GDDR6-Grafikkarte/2958578	ASUS GeForce RTX 3060 Ti DUAL MINI OC V2 LHR - 8GB GDDR6 - Grafikkarte	649.90
https://www.proshop.de/Grafikkarte/MSI-GeForce-RTX-3060-GAMING-X-LHR-12GB-GDDR6-Grafikkarte/2918923	MSI GeForce RTX 3060 GAMING X LHR - 12GB GDDR6 - Grafikkarte	501.17
https://www.proshop.de/Grafikkarte/GIGABYTE-Radeon-RX-6800-AORUS-Master-16GB-GDDR6-Grafikkarte/2886498	GIGABYTE Radeon RX 6800 AORUS Master - 16GB GDDR6 - Grafikkarte	1149.00
https://www.proshop.de/Grafikkarte/ASUS-GeForce-RTX-3070-Ti-TUF-OC-V2-8GB-GDDR6X-RAM-Grafikkarte/3122709	ASUS GeForce RTX 3070 Ti TUF OC V2 - 8GB GDDR6X RAM - Grafikkarte	779.90
https://www.proshop.de/Grafikkarte/ASUS-GeForce-RTX-3060-Ti-TUF-White-OC-8GB-GDDR6X-RAM-Grafikkarte/3123331	ASUS GeForce RTX 3060 Ti TUF White OC - 8GB GDDR6X RAM - Grafikkarte	599.90
https://www.proshop.de/Grafikkarte/MSI-GeForce-RTX-2060-VENTUS-OC-12GB-GDDR6-Grafikkarte/3022595	MSI GeForce RTX 2060 VENTUS OC - 12GB GDDR6 - Grafikkarte	416.10
https://www.proshop.de/Grafikkarte/MSI-GeForce-RTX-3070-Ti-GAMING-X-TRIO-8GB-GDDR6X-RAM-Grafikkarte/2960663	MSI GeForce RTX 3070 Ti GAMING X TRIO - 8GB GDDR6X RAM - Grafikkarte	1039.43
https://www.proshop.de/Grafikkarte/GIGABYTE-Radeon-RX-6600-EAGLE-8GB-GDDR6-Grafikkarte/3008261	GIGABYTE Radeon RX 6600 EAGLE - 8GB GDDR6 - Grafikkarte	348.20
https://www.proshop.de/Grafikkarte/Inno3D-GeForce-RTX-3080-Twin-X2-OC-LHR-10GB-GDDR6X-RAM-Grafikkarte/2961062	Inno3D GeForce RTX 3080 Twin X2 OC LHR - 10GB GDDR6X RAM - Grafikkarte	1149.00
https://www.proshop.de/Grafikkarte/MSI-GeForce-RTX-3080-SUPRIM-X-10GB-GDDR6X-RAM-Grafikkarte-DEMO/2885270d	MSI GeForce RTX 3080 SUPRIM X - 10GB GDDR6X RAM - Grafikkarte *DEMO*	992.74
https://www.proshop.de/Grafikkarte/MSI-GeForce-RTX-3060-VENTUS-3X-OC-LHR-12GB-GDDR6-Grafikkarte/2918921	MSI GeForce RTX 3060 VENTUS 3X OC LHR - 12GB GDDR6 - Grafikkarte	445.70
https://www.proshop.de/Grafikkarte/GIGABYTE-Radeon-RX-6950-XT-GAMING-OC-16GB-GDDR6-Grafikkarte/3071487	GIGABYTE Radeon RX 6950 XT GAMING OC - 16GB GDDR6 - Grafikkarte	1613.47
https://www.proshop.de/Grafikkarte/Sapphire-Radeon-RX-6950-XT-Nitro-16GB-GDDR6-Grafikkarte/3070747	Sapphire Radeon RX 6950 XT Nitro+ - 16GB GDDR6 - Grafikkarte	1003.58
https://www.proshop.de/Grafikkarte/Sapphire-Radeon-RX-6950-XT-GIFTIG-16GB-GDDR6-Grafikkarte/3070749	Sapphire Radeon RX 6950 XT GIFTIG - 16GB GDDR6 - Grafikkarte	1293.71
https://www.proshop.de/Grafikkarte/MSI-GeForce-RTX-3060-VENTUS-2X-OC-LHR-12GB-GDDR6-Grafikkarte/2918919	MSI GeForce RTX 3060 VENTUS 2X OC LHR - 12GB GDDR6 - Grafikkarte	467.59
https://www.proshop.de/Grafikkarte/ASUS-Radeon-RX-6800-TUF-OC-16GB-GDDR6-Grafikkarte/2889249	ASUS Radeon RX 6800 TUF OC - 16GB GDDR6 - Grafikkarte	702.00
https://www.proshop.de/Grafikkarte/PNY-NVIDIA-A16-64GB-GDDR6-Grafikkarte/2994356	PNY NVIDIA A16 - 64GB GDDR6 - Grafikkarte	4078.12
https://www.proshop.de/Grafikkarte/GIGABYTE-Radeon-RX-6900-XT-AORUS-Master-16GB-GDDR6-Grafikkarte/3077932	GIGABYTE Radeon RX 6900 XT AORUS Master - 16GB GDDR6 - Grafikkarte	1141.36
https://www.proshop.de/Grafikkarte/ASUS-GeForce-RTX-3070-ROG-STRIX-OC-V2-LHR-8GB-GDDR6-Grafikkarte/2958590	ASUS GeForce RTX 3070 ROG STRIX OC V2 LHR - 8GB GDDR6 - Grafikkarte	892.17
https://www.proshop.de/Grafikkarte/MSI-GeForce-RTX-3070-Ti-SUPRIM-X-8GB-GDDR6X-RAM-Grafikkarte/2960669	MSI GeForce RTX 3070 Ti SUPRIM X - 8GB GDDR6X RAM - Grafikkarte	932.62
https://www.proshop.de/Grafikkarte/Sapphire-Radeon-RX-6700-XT-Pulse-12GB-GDDR6-Grafikkarte/2935127	Sapphire Radeon RX 6700 XT Pulse - 12GB GDDR6 - Grafikkarte	576.18
https://www.proshop.de/Grafikkarte/GIGABYTE-GeForce-RTX-3060-Ti-AORUS-Elite-LHR-8GB-GDDR6-Grafikkarte/2963102	GIGABYTE GeForce RTX 3060 Ti AORUS Elite LHR - 8GB GDDR6 - Grafikkarte	628.61
https://www.proshop.de/Grafikkarte/MSI-Radeon-RX-6700-XT-MECH-2X-OC-12GB-GDDR6-Grafikkarte/2929318	MSI Radeon RX 6700 XT MECH 2X OC - 12GB GDDR6 - Grafikkarte	536.35
https://www.proshop.de/Grafikkarte/ASUS-Radeon-RX-6750-XT-DUAL-OC-12GB-GDDR6-Grafikkarte/3067570	ASUS Radeon RX 6750 XT DUAL OC - 12GB GDDR6 - Grafikkarte	550.50
https://www.proshop.de/Grafikkarte/MSI-Radeon-RX-6750-XT-MECH-2X-OC-12GB-GDDR6-Grafikkarte/3069204	MSI Radeon RX 6750 XT MECH 2X OC - 12GB GDDR6 - Grafikkarte	744.83
https://www.proshop.de/Grafikkarte/GIGABYTE-GeForce-RTX-3060-Ti-WindForce-OC-8GB-GDDR6-Grafikkarte/3118062	GIGABYTE GeForce RTX 3060 Ti WindForce OC - 8GB GDDR6 - Grafikkarte	579.90
https://www.proshop.de/Grafikkarte/GIGABYTE-GeForce-RTX-3070-Ti-AORUS-Master-8GB-GDDR6X-RAM-Grafikkarte/2960588	GIGABYTE GeForce RTX 3070 Ti AORUS Master - 8GB GDDR6X RAM - Grafikkarte	892.72
https://www.proshop.de/Grafikkarte/Inno3D-GeForce-RTX-3060-Ti-Twin-X2-LHR-8GB-GDDR6-Grafikkarte/2976646	Inno3D GeForce RTX 3060 Ti Twin X2 LHR - 8GB GDDR6 - Grafikkarte	536.98
https://www.proshop.de/Grafikkarte/Inno3D-GeForce-RTX-3060-Twin-X2-OC-LHR-12GB-GDDR6-Grafikkarte/2960706	Inno3D GeForce RTX 3060 Twin X2 OC LHR - 12GB GDDR6 - Grafikkarte	408.90
https://www.proshop.de/Grafikkarte/MSI-GeForce-RTX-3070-SUPRIM-X-LHR-8GB-GDDR6-Grafikkarte/2969700	MSI GeForce RTX 3070 SUPRIM X LHR - 8GB GDDR6 - Grafikkarte	735.99
https://www.proshop.de/Grafikkarte/MSI-GeForce-GTX-1660-SUPER-GAMING-X-6GB-GDDR6-Grafikkarte/2804504	MSI GeForce GTX 1660 SUPER GAMING X - 6GB GDDR6 - Grafikkarte	345.13
https://www.proshop.de/Grafikkarte/ASUS-GeForce-RTX-3060-Phoenix-LHR-12GB-GDDR6-Grafikkarte/2958569	ASUS GeForce RTX 3060 Phoenix LHR - 12GB GDDR6 - Grafikkarte	419.90
https://www.proshop.de/Grafikkarte/GIGABYTE-GeForce-RTX-3060-WindForce-OC-12GB-GDDR6-Grafikkarte/3107514	GIGABYTE GeForce RTX 3060 WindForce OC - 12GB GDDR6 - Grafikkarte	499.00
https://www.proshop.de/Grafikkarte/MSI-GeForce-RTX-3060-Ti-VENTUS-3X-OC-LHR-8GB-GDDR6-Grafikkarte/2969681	MSI GeForce RTX 3060 Ti VENTUS 3X OC LHR - 8GB GDDR6 - Grafikkarte	601.60
https://www.proshop.de/Grafikkarte/MSI-Radeon-RX-6650-XT-MECH-2X-OC-8GB-GDDR6-Grafikkarte/3069202	MSI Radeon RX 6650 XT MECH 2X OC - 8GB GDDR6 - Grafikkarte	509.00
https://www.proshop.de/Grafikkarte/MSI-Radeon-RX-6400-AERO-ITX-4GB-GDDR6-Grafikkarte/3066723	MSI Radeon RX 6400 AERO ITX - 4GB GDDR6 - Grafikkarte	146.86
https://www.proshop.de/Grafikkarte/GIGABYTE-Radeon-RX-6800-XT-AORUS-Master-16GB-GDDR6-Grafikkarte/2886502	GIGABYTE Radeon RX 6800 XT AORUS Master - 16GB GDDR6 - Grafikkarte	1405.24
https://www.proshop.de/Grafikkarte/GIGABYTE-Radeon-RX-6800-GAMING-OC-16GB-GDDR6-Grafikkarte/2886500	GIGABYTE Radeon RX 6800 GAMING OC - 16GB GDDR6 - Grafikkarte	999.00
https://www.proshop.de/Grafikkarte/ASUS-Radeon-RX-6700-XT-DUAL-OC-12GB-GDDR6-Grafikkarte/2931753	ASUS Radeon RX 6700 XT DUAL OC - 12GB GDDR6 - Grafikkarte	497.87
https://www.proshop.de/Grafikkarte/MSI-Radeon-RX-6700-XT-MECH-2X-12GB-GDDR6-Grafikkarte/2929317	MSI Radeon RX 6700 XT MECH 2X - 12GB GDDR6 - Grafikkarte	519.33
https://www.proshop.de/Grafikkarte/Sapphire-Radeon-RX-6700-XT-12GB-GDDR6-Grafikkarte/3115147	Sapphire Radeon RX 6700 XT - 12GB GDDR6 - Grafikkarte	609.74
https://www.proshop.de/Grafikkarte/Sapphire-Radeon-RX-6650-XT-Pulse-OC-8GB-GDDR6-Grafikkarte/3070743	Sapphire Radeon RX 6650 XT Pulse OC - 8GB GDDR6 - Grafikkarte	389.46
https://www.proshop.de/Grafikkarte/ASUS-GeForce-RTX-3060-DUAL-OC-8GB-GDDR6-Grafikkarte/3118196	ASUS GeForce RTX 3060 DUAL OC - 8GB GDDR6 - Grafikkarte	416.27
https://www.proshop.de/Grafikkarte/PNY-NVIDIA-RTX-A2000-Premium-Box-6GB-GDDR6-Grafikkarte/2991294	PNY NVIDIA RTX A2000 Premium Box - 6GB GDDR6 - Grafikkarte	539.90
https://www.proshop.de/Grafikkarte/GIGABYTE-Radeon-RX-6700-XT-EAGLE-12GB-GDDR6-Grafikkarte/2929320	GIGABYTE Radeon RX 6700 XT EAGLE - 12GB GDDR6 - Grafikkarte	899.30
https://www.proshop.de/Grafikkarte/PowerColor-Radeon-RX-6500-XT-Fighter-4GB-GDDR6-Grafikkarte/3032054	PowerColor Radeon RX 6500 XT Fighter - 4GB GDDR6 - Grafikkarte	228.99
https://www.proshop.de/Grafikkarte/MSI-GeForce-RTX-3060-Ti-VENTUS-2X-OCV1-LHR-8GB-GDDR6-Grafikkarte/2969679	MSI GeForce RTX 3060 Ti VENTUS 2X OCV1 LHR - 8GB GDDR6 - Grafikkarte	534.57
https://www.proshop.de/Grafikkarte/PowerColor-Radeon-RX-6500-XT-ITX-4GB-GDDR6-Grafikkarte/3032053	PowerColor Radeon RX 6500 XT ITX - 4GB GDDR6 - Grafikkarte	224.83
https://www.proshop.de/Grafikkarte/ASUS-GeForce-RTX-3090-Ti-TUF-OC-24GB-GDDR6X-RAM-Grafikkarte-DEMO/3030026d	ASUS GeForce RTX 3090 Ti TUF OC - 24GB GDDR6X RAM - Grafikkarte *DEMO*	2212.60
https://www.proshop.de/Grafikkarte/GIGABYTE-GeForce-RTX-3090-AORUS-Master-24GB-GDDR6X-RAM-Grafikkarte-DEMO/2876840d	GIGABYTE GeForce RTX 3090 AORUS Master - 24GB GDDR6X RAM - Grafikkarte *DEMO*	2042.95
https://www.proshop.de/Grafikkarte/Inno3D-GeForce-RTX-3060-Twin-X2-LHR-12GB-GDDR6-Grafikkarte/2960712	Inno3D GeForce RTX 3060 Twin X2 LHR - 12GB GDDR6 - Grafikkarte	434.56
https://www.proshop.de/Grafikkarte/Fujitsu-NVIDIA-T600-4GB-Grafikkarte/3026255	Fujitsu NVIDIA T600 - 4GB - Grafikkarte	240.59
https://www.proshop.de/Grafikkarte/ASUS-GeForce-GTX-1650-OC-4GB-GDDR5-Grafikkarte/3122522	ASUS GeForce GTX 1650 OC - 4GB GDDR5 - Grafikkarte	230.77
https://www.proshop.de/Grafikkarte/MSI-GeForce-RTX-3050-GAMING-X-8GB-GDDR6-Grafikkarte/3029577	MSI GeForce RTX 3050 GAMING X - 8GB GDDR6 - Grafikkarte	385.31
https://www.proshop.de/Grafikkarte/GIGABYTE-GeForce-GTX-1650-OC-4GB-GDDR5-Grafikkarte/2722498	GIGABYTE GeForce GTX 1650 OC - 4GB GDDR5 - Grafikkarte	214.02
https://www.proshop.de/Grafikkarte/Sapphire-Radeon-RX-6750-XT-Pulse-OC-12GB-GDDR6-Grafikkarte/3070745	Sapphire Radeon RX 6750 XT Pulse OC - 12GB GDDR6 - Grafikkarte	612.52
https://www.proshop.de/Grafikkarte/MSI-GeForce-RTX-3090-SUPRIM-X-24GB-GDDR6X-RAM-Grafikkarte-DEMO/2885271d	MSI GeForce RTX 3090 SUPRIM X - 24GB GDDR6X RAM - Grafikkarte *DEMO*	1769.83
https://www.proshop.de/Grafikkarte/GIGABYTE-GeForce-RTX-3060-Ti-GAMING-OC-LHR-8GB-GDDR6-Grafikkarte-DEMO/2963107d	GIGABYTE GeForce RTX 3060 Ti GAMING OC LHR - 8GB GDDR6 - Grafikkarte *DEMO*	508.69
https://www.proshop.de/Grafikkarte/MSI-GeForce-RTX-3070-Ti-VENTUS-3X-OC-8GB-GDDR6X-RAM-Grafikkarte/2960655	MSI GeForce RTX 3070 Ti VENTUS 3X OC - 8GB GDDR6X RAM - Grafikkarte	830.97
https://www.proshop.de/Grafikkarte/GIGABYTE-GeForce-RTX-3060-GAMING-OC-LHR-12GB-GDDR6-Grafikkarte/2962510	GIGABYTE GeForce RTX 3060 GAMING OC LHR - 12GB GDDR6 - Grafikkarte	494.48
https://www.proshop.de/Grafikkarte/Sapphire-Radeon-RX-6400-Pulse-4GB-GDDR6-Grafikkarte/3069189	Sapphire Radeon RX 6400 Pulse - 4GB GDDR6 - Grafikkarte	185.42
https://www.proshop.de/Grafikkarte/Sapphire-Radeon-RX-6600-8GB-GDDR6-Grafikkarte/3096999	Sapphire Radeon RX 6600 - 8GB GDDR6 - Grafikkarte	316.55
https://www.proshop.de/Grafikkarte/PNY-NVIDIA-RTX-A6000-48GB-GDDR6-Grafikkarte/2944109	PNY NVIDIA RTX A6000 - 48GB GDDR6 - Grafikkarte	6157.79
https://www.proshop.de/Grafikkarte/ASUS-GeForce-GTX-1660-SUPER-TUF-OC-6GB-GDDR6-Grafikkarte/2819848	ASUS GeForce GTX 1660 SUPER TUF OC - 6GB GDDR6 - Grafikkarte	325.40
https://www.proshop.de/Grafikkarte/GIGABYTE-Radeon-RX-6900-XT-GAMING-OC-16GB-GDDR6-Grafikkarte/2916553	GIGABYTE Radeon RX 6900 XT GAMING OC - 16GB GDDR6 - Grafikkarte	1658.57
https://www.proshop.de/Grafikkarte/MSI-Radeon-RX-6800-GAMING-X-TRIO-16GB-GDDR6-Grafikkarte/2910149	MSI Radeon RX 6800 GAMING X TRIO - 16GB GDDR6 - Grafikkarte	823.38
https://www.proshop.de/Grafikkarte/PNY-GeForce-RTX-3060-12GB-GDDR6-Grafikkarte/3113557	PNY GeForce RTX 3060 - 12GB GDDR6 - Grafikkarte	441.56
https://www.proshop.de/Grafikkarte/Sapphire-Radeon-RX-6800-Pulse-16GB-GDDR6-Grafikkarte/2908923	Sapphire Radeon RX 6800 Pulse - 16GB GDDR6 - Grafikkarte	677.83
https://www.proshop.de/Grafikkarte/GIGABYTE-GeForce-GTX-1650-OC-4GB-GDDR6-Grafikkarte/2853319	GIGABYTE GeForce GTX 1650 OC - 4GB GDDR6 - Grafikkarte	229.00
https://www.proshop.de/Grafikkarte/GIGABYTE-GeForce-GTX-1650-Low-Profile-OC-4GB-GDDR6-Grafikkarte/2864159	GIGABYTE GeForce GTX 1650 Low Profile OC - 4GB GDDR6 - Grafikkarte	239.95
https://www.proshop.de/Grafikkarte/AMD-8GB-GDDR6-Grafikkarte/3024538	AMD - 8GB GDDR6 - Grafikkarte	519.34
https://www.proshop.de/Grafikkarte/ASUS-Radeon-RX-6650-XT-DUAL-OC-8GB-GDDR6-Grafikkarte/3067569	ASUS Radeon RX 6650 XT DUAL OC - 8GB GDDR6 - Grafikkarte	473.11
https://www.proshop.de/Grafikkarte/Sapphire-Radeon-RX-6700-GAMING-OC-10GB-GDDR6-Grafikkarte/3122707	Sapphire Radeon RX 6700 GAMING OC - 10GB GDDR6 - Grafikkarte	418.46
https://www.proshop.de/Grafikkarte/ASUS-Radeon-RX-6600-XT-DUAL-OC-8GB-GDDR6-Grafikkarte/2978911	ASUS Radeon RX 6600 XT DUAL OC - 8GB GDDR6 - Grafikkarte	571.93
https://www.proshop.de/Grafikkarte/Inno3D-GeForce-RTX-3070-Twin-X2-LHR-8GB-GDDR6-Grafikkarte/2976645	Inno3D GeForce RTX 3070 Twin X2 LHR - 8GB GDDR6 - Grafikkarte	640.51
https://www.proshop.de/Grafikkarte/Inno3D-GeForce-RTX-3080-iCHILL-X4-LHR-10GB-GDDR6X-RAM-Grafikkarte/2961064	Inno3D GeForce RTX 3080 iCHILL X4 LHR - 10GB GDDR6X RAM - Grafikkarte	1245.13
https://www.proshop.de/Grafikkarte/MSI-GeForce-RTX-3070-VENTUS-2X-OC-LHR-8GB-GDDR6-Grafikkarte/2969693	MSI GeForce RTX 3070 VENTUS 2X OC LHR - 8GB GDDR6 - Grafikkarte	701.93
https://www.proshop.de/Grafikkarte/Inno3D-GeForce-RTX-3070-Ti-iCHILL-X4-8GB-GDDR6X-RAM-Grafikkarte/2960593	Inno3D GeForce RTX 3070 Ti iCHILL X4 - 8GB GDDR6X RAM - Grafikkarte	939.53
https://www.proshop.de/Grafikkarte/Sapphire-Radeon-RX-6750-XT-Nitro-12GB-GDDR6-Grafikkarte/3070746	Sapphire Radeon RX 6750 XT Nitro+ - 12GB GDDR6 - Grafikkarte	614.37
https://www.proshop.de/Grafikkarte/GIGABYTE-GeForce-RTX-4080-GAMING-OC-16GB-GDDR6X-RAM-Grafikkarte/3115874	GIGABYTE GeForce RTX 4080 GAMING OC - 16GB GDDR6X RAM - Grafikkarte	1589.00
https://www.proshop.de/Grafikkarte/ASUS-GeForce-RTX-3050-TUF-OC-8GB-GDDR6-Grafikkarte/3075041	ASUS GeForce RTX 3050 TUF OC - 8GB GDDR6 - Grafikkarte	439.90
https://www.proshop.de/Grafikkarte/EVGA-GeForce-RTX-3050-XC-8GB-GDDR6-Grafikkarte/3037096	EVGA GeForce RTX 3050 XC - 8GB GDDR6 - Grafikkarte	343.51
https://www.proshop.de/Grafikkarte/MSI-GeForce-GTX-1660-SUPER-VENTUS-XS-OC-6GB-GDDR6-Grafikkarte/2804503	MSI GeForce GTX 1660 SUPER VENTUS XS OC - 6GB GDDR6 - Grafikkarte	262.71
https://www.proshop.de/Grafikkarte/ASUS-GeForce-RTX-3050-DUAL-OC-8GB-GDDR6-Grafikkarte/3031570	ASUS GeForce RTX 3050 DUAL OC - 8GB GDDR6 - Grafikkarte	385.99
https://www.proshop.de/Grafikkarte/ASUS-Radeon-RX-6500-XT-DUAL-OC-4GB-GDDR6-Grafikkarte/3029997	ASUS Radeon RX 6500 XT DUAL OC - 4GB GDDR6 - Grafikkarte	279.00
https://www.proshop.de/Grafikkarte/PowerColor-Radeon-RX-6800-Fighter-16GB-GDDR6-Grafikkarte/2886490	PowerColor Radeon RX 6800 Fighter - 16GB GDDR6 - Grafikkarte	1029.61
https://www.proshop.de/Grafikkarte/MSI-Radeon-RX-6700-XT-GAMING-X-12GB-GDDR6-Grafikkarte/2929316	MSI Radeon RX 6700 XT GAMING X - 12GB GDDR6 - Grafikkarte	617.18
https://www.proshop.de/Grafikkarte/GIGABYTE-GeForce-RTX-3050-GAMING-OC-8GB-GDDR6-Grafikkarte/3029573	GIGABYTE GeForce RTX 3050 GAMING OC - 8GB GDDR6 - Grafikkarte	379.00
https://www.proshop.de/Grafikkarte/Inno3D-GeForce-RTX-3050-Twin-X2-OC-8GB-GDDR6-Grafikkarte/3029956	Inno3D GeForce RTX 3050 Twin X2 OC - 8GB GDDR6 - Grafikkarte	393.96
https://www.proshop.de/Grafikkarte/MSI-GeForce-RTX-3050-VENTUS-2X-OC-8GB-GDDR6-Grafikkarte/3029579	MSI GeForce RTX 3050 VENTUS 2X OC - 8GB GDDR6 - Grafikkarte	366.92
https://www.proshop.de/Grafikkarte/PNY-NVIDIA-RTX-A6000-48GB-GDDR6-Grafikkarte/2989698	PNY NVIDIA RTX A6000 - 48GB GDDR6 - Grafikkarte	5634.86
https://www.proshop.de/Grafikkarte/PNY-Quadro-RTX-4000-8GB-GDDR6-Grafikkarte/2695130	PNY Quadro RTX 4000 - 8GB GDDR6 - Grafikkarte	1094.50
https://www.proshop.de/Grafikkarte/PNY-Tesla-T4-16GB-GDDR6-Grafikkarte/2735118	PNY Tesla T4 - 16GB GDDR6 - Grafikkarte	2519.41
https://www.proshop.de/Grafikkarte/Sapphire-Radeon-RX-6700-XT-Pulse-OC-12GB-GDDR6-Grafikkarte/2987327	Sapphire Radeon RX 6700 XT Pulse OC - 12GB GDDR6 - Grafikkarte	1314.22
https://www.proshop.de/Grafikkarte/ASUS-Radeon-RX-6400-DUAL-4GB-GDDR6-Grafikkarte/3057091	ASUS Radeon RX 6400 DUAL - 4GB GDDR6 - Grafikkarte	169.14
https://www.proshop.de/Grafikkarte/ASUS-Radeon-RX-6650-XT-ROG-STRIX-OC-8GB-GDDR6-Grafikkarte/3069637	ASUS Radeon RX 6650 XT ROG STRIX OC - 8GB GDDR6 - Grafikkarte	633.17
https://www.proshop.de/Grafikkarte/GIGABYTE-GeForce-RTX-3060-Ti-VISION-OC-LHR-8GB-GDDR6-Grafikkarte/2963221	GIGABYTE GeForce RTX 3060 Ti VISION OC LHR - 8GB GDDR6 - Grafikkarte	601.58
https://www.proshop.de/Grafikkarte/GIGABYTE-GeForce-RTX-3060-VISION-OC-LHR-12GB-GDDR6-Grafikkarte/2962512	GIGABYTE GeForce RTX 3060 VISION OC LHR - 12GB GDDR6 - Grafikkarte	482.80
https://www.proshop.de/Grafikkarte/MSI-GeForce-RTX-3070-Ti-VENTUS-3X-8GB-GDDR6X-RAM-Grafikkarte/2960653	MSI GeForce RTX 3070 Ti VENTUS 3X - 8GB GDDR6X RAM - Grafikkarte	774.05
https://www.proshop.de/Grafikkarte/AMD-32GB-HBM2-Grafikkarte/3104279	AMD - 32GB HBM2 - Grafikkarte	4855.84
https://www.proshop.de/Grafikkarte/ASUS-GeForce-GTX-1650-TUF-4GB-GDDR6-Grafikkarte/2874891	ASUS GeForce GTX 1650 TUF - 4GB GDDR6 - Grafikkarte	259.07
https://www.proshop.de/Grafikkarte/ASUS-GeForce-GTX-1050-Ti-Phoenix-4GB-GDDR5-Grafikkarte/2572466	ASUS GeForce GTX 1050 Ti Phoenix - 4GB GDDR5 - Grafikkarte	216.45
https://www.proshop.de/Grafikkarte/Razer-Docking-station-Core-X-Chroma-External-Graphics-Enclosure-Grafikkarte/2745503	Razer Docking station Core X Chroma External Graphics Enclosure - Grafikkarte	490.51
https://www.proshop.de/Grafikkarte/PNY-NVIDIA-RTX-A5000-24GB-GDDR6-Grafikkarte/2944108	PNY NVIDIA RTX A5000 - 24GB GDDR6 - Grafikkarte	2909.72
https://www.proshop.de/Grafikkarte/MSI-GeForce-GTX-1650-VENTUS-XS-OC-4GB-GDDR5-Grafikkarte/2742254	MSI GeForce GTX 1650 VENTUS XS OC - 4GB GDDR5 - Grafikkarte	268.04
https://www.proshop.de/Grafikkarte/XFX-Radeon-RX-6600-XT-Speedster-SWFT-210-8GB-GDDR6-Grafikkarte-DEMO/2989072d	XFX Radeon RX 6600 XT Speedster SWFT 210 - 8GB GDDR6 - Grafikkarte *DEMO*	469.10
https://www.proshop.de/Grafikkarte/PowerColor-Radeon-RX-6800-XT-Red-Devil-16GB-GDDR6-Grafikkarte/2886495	PowerColor Radeon RX 6800 XT Red Devil - 16GB GDDR6 - Grafikkarte	1095.23
https://www.proshop.de/Grafikkarte/GIGABYTE-Radeon-RX-6400-4GB-GDDR6-Grafikkarte/3077936	GIGABYTE Radeon RX 6400 - 4GB GDDR6 - Grafikkarte	197.84
https://www.proshop.de/Grafikkarte/MSI-Radeon-RX-6500-XT-MECH-2X-OC-4GB-GDDR6-Grafikkarte/3033824	MSI Radeon RX 6500 XT MECH 2X OC - 4GB GDDR6 - Grafikkarte	196.38
https://www.proshop.de/Grafikkarte/GIGABYTE-GeForce-RTX-3060-Ti-EAGLE-OC-LHR-8GB-GDDR6-Grafikkarte/2963105	GIGABYTE GeForce RTX 3060 Ti EAGLE OC LHR - 8GB GDDR6 - Grafikkarte	569.90
https://www.proshop.de/Grafikkarte/ASUS-GeForce-RTX-3070-DUAL-V2-8GB-GDDR6-Grafikkarte/2958583	ASUS GeForce RTX 3070 DUAL V2 - 8GB GDDR6 - Grafikkarte	758.14
https://www.proshop.de/Grafikkarte/PNY-NVIDIA-A30-24GB-HBM2-Grafikkarte/2954991	PNY NVIDIA A30 - 24GB HBM2 - Grafikkarte	5834.65
https://www.proshop.de/Grafikkarte/GIGABYTE-GeForce-GT-1030-Low-Profile-2GB-GDDR5-Grafikkarte/2606330	GIGABYTE GeForce GT 1030 Low Profile - 2GB GDDR5 - Grafikkarte	106.36
https://www.proshop.de/Grafikkarte/ASUS-GeForce-GTX-1650-TUF-4GB-GDDR6-Grafikkarte/3030423	ASUS GeForce GTX 1650 TUF - 4GB GDDR6 - Grafikkarte	235.96
https://www.proshop.de/Grafikkarte/GIGABYTE-GeForce-RTX-2060-WindForce-OC-12GB-GDDR6-Grafikkarte/3023586	GIGABYTE GeForce RTX 2060 WindForce OC - 12GB GDDR6 - Grafikkarte	506.45
https://www.proshop.de/Grafikkarte/EVGA-GeForce-GTX-1660-SC-Ultra-6GB-GDDR5-Grafikkarte/2809505	EVGA GeForce GTX 1660 SC Ultra - 6GB GDDR5 - Grafikkarte	379.00
https://www.proshop.de/Grafikkarte/GIGABYTE-GeForce-GTX-1630-OC-Low-Profile-4GB-GDDR6-Grafikkarte/3090989	GIGABYTE GeForce GTX 1630 OC Low Profile - 4GB GDDR6 - Grafikkarte	259.98
https://www.proshop.de/Grafikkarte/ASUS-Radeon-RX-6600-XT-ROG-STRIX-OC-8GB-GDDR6-Grafikkarte/2978913	ASUS Radeon RX 6600 XT ROG STRIX OC - 8GB GDDR6 - Grafikkarte	630.15
https://www.proshop.de/Grafikkarte/GIGABYTE-Radeon-RX-6650-XT-EAGLE-8GB-GDDR6-Grafikkarte/3071483	GIGABYTE Radeon RX 6650 XT EAGLE - 8GB GDDR6 - Grafikkarte	569.53
https://www.proshop.de/Grafikkarte/PowerColor-Radeon-RX-6650-XT-Hellhound-8GB-GDDR6X-RAM-Grafikkarte/3067565	PowerColor Radeon RX 6650 XT Hellhound - 8GB GDDR6X RAM - Grafikkarte	527.75
https://www.proshop.de/Grafikkarte/GIGABYTE-GeForce-RTX-3070-GAMING-OC-8GB-GDDR6-Grafikkarte-DEMO/2878390d	GIGABYTE GeForce RTX 3070 GAMING OC - 8GB GDDR6 - Grafikkarte *DEMO*	754.36
https://www.proshop.de/Grafikkarte/MSI-GeForce-RTX-3060-AERO-ITX-OC-LHR-12GB-GDDR6-Grafikkarte/2921450	MSI GeForce RTX 3060 AERO ITX OC LHR - 12GB GDDR6 - Grafikkarte	494.29
https://www.proshop.de/Grafikkarte/Inno3D-GeForce-RTX-3070-Ti-Twin-X3-8GB-GDDR6X-RAM-Grafikkarte/2964642	Inno3D GeForce RTX 3070 Ti Twin X3 - 8GB GDDR6X RAM - Grafikkarte	764.58
https://www.proshop.de/Grafikkarte/PNY-GeForce-RTX-3060-Ti-8GB-GDDR6-Grafikkarte/3116310	PNY GeForce RTX 3060 Ti - 8GB GDDR6 - Grafikkarte	538.10
https://www.proshop.de/Grafikkarte/MSI-Radeon-RX-6750-XT-GAMING-X-TRIO-12GB-GDDR6-Grafikkarte/3069205	MSI Radeon RX 6750 XT GAMING X TRIO - 12GB GDDR6 - Grafikkarte	816.33
https://www.proshop.de/Grafikkarte/Sapphire-Radeon-RX-6600-XT-8GB-GDDR6-Grafikkarte/3027423	Sapphire Radeon RX 6600 XT - 8GB GDDR6 - Grafikkarte	916.14
https://www.proshop.de/Grafikkarte/Sapphire-Radeon-RX-6600-XT-Nitro-8GB-GDDR6-Grafikkarte/2985210	Sapphire Radeon RX 6600 XT Nitro+ - 8GB GDDR6 - Grafikkarte	447.76
https://www.proshop.de/Grafikkarte/MSI-GeForce-RTX-3070-VENTUS-3X-PLUS-OC-LHR-8GB-GDDR6-Grafikkarte/3068170	MSI GeForce RTX 3070 VENTUS 3X PLUS OC LHR - 8GB GDDR6 - Grafikkarte	688.27
https://www.proshop.de/Grafikkarte/PNY-GeForce-RTX-3070-8GB-GDDR6-Grafikkarte/3096761	PNY GeForce RTX 3070 - 8GB GDDR6 - Grafikkarte	639.40
https://www.proshop.de/Grafikkarte/Inno3D-GeForce-RTX-3070-iCHILL-X3-LHR-8GB-GDDR6-Grafikkarte/2960743	Inno3D GeForce RTX 3070 iCHILL X3 LHR - 8GB GDDR6 - Grafikkarte	773.71
https://www.proshop.de/Grafikkarte/GIGABYTE-GeForce-GTX-1650-Low-Profile-OC-4GB-GDDR5-Grafikkarte/2818810	GIGABYTE GeForce GTX 1650 Low Profile OC - 4GB GDDR5 - Grafikkarte	216.61
https://www.proshop.de/Grafikkarte/GIGABYTE-GeForce-GTX-1650-WindForce-OC-4GB-GDDR6-Grafikkarte/2853320	GIGABYTE GeForce GTX 1650 WindForce OC - 4GB GDDR6 - Grafikkarte	258.32
https://www.proshop.de/Grafikkarte/Sapphire-Grafikkarte/2787561	Sapphire - Grafikkarte	358.84
https://www.proshop.de/Grafikkarte/ASUS-GeForce-GTX-1660-SUPER-DUAL-OC-EVO-6GB-GDDR6-Grafikkarte/2805265	ASUS GeForce GTX 1660 SUPER DUAL OC EVO - 6GB GDDR6 - Grafikkarte	345.53
https://www.proshop.de/Grafikkarte/PNY-Grafikkarte/2667783	PNY - Grafikkarte	1102.74
https://www.proshop.de/Grafikkarte/GIGABYTE-GeForce-GT-710-2GB-GDDR5-Grafikkarte/2969990	GIGABYTE GeForce GT 710 - 2GB GDDR5 - Grafikkarte	99.21
https://www.proshop.de/Grafikkarte/PNY-Quadro-RTX-6000-24GB-GDDR6-Grafikkarte/2685521	PNY Quadro RTX 6000 - 24GB GDDR6 - Grafikkarte	5837.97
https://www.proshop.de/Grafikkarte/ASUS-GeForce-GT-730-Silent-Low-Profile-2GB-GDDR5-Grafikkarte/2541985	ASUS GeForce GT 730 Silent Low Profile - 2GB GDDR5 - Grafikkarte	84.93
https://www.proshop.de/Grafikkarte/AMD-AMD-Radeon-Pro-W5500-8GB-GDDR6-Grafikkarte/2855336	AMD AMD Radeon Pro W5500 - 8GB GDDR6 - Grafikkarte	482.96
https://www.proshop.de/Grafikkarte/ASUS-GeForce-GT-1030-Silent-Low-Profile-2GB-GDDR5-Grafikkarte/2639311	ASUS GeForce GT 1030 Silent Low Profile - 2GB GDDR5 - Grafikkarte	100.04
https://www.proshop.de/Grafikkarte/Sapphire-Radeon-RX-6900-XT-GIFTIG-16GB-GDDR6-Grafikkarte/2995779	Sapphire Radeon RX 6900 XT GIFTIG - 16GB GDDR6 - Grafikkarte	1095.99
https://www.proshop.de/Grafikkarte/GIGABYTE-Radeon-RX-6400-4GB-GDDR6-Grafikkarte/3070892	GIGABYTE Radeon RX 6400 - 4GB GDDR6 - Grafikkarte	219.31
https://www.proshop.de/Grafikkarte/ASUS-GeForce-RTX-3070-Ti-TUF-OC-8GB-GDDR6X-RAM-Grafikkarte-DEMO/2958601d	ASUS GeForce RTX 3070 Ti TUF OC - 8GB GDDR6X RAM - Grafikkarte *DEMO*	698.79
https://www.proshop.de/Grafikkarte/ASUS-GeForce-RTX-3060-Ti-DUAL-MINI-OC-V2-LHR-8GB-GDDR6-Grafikkarte-DEMO/2958578d	ASUS GeForce RTX 3060 Ti DUAL MINI OC V2 LHR - 8GB GDDR6 - Grafikkarte *DEMO*	509.98
https://www.proshop.de/Grafikkarte/MSI-GeForce-RTX-3070-8GB-GDDR6-Grafikkarte/3018241	MSI GeForce RTX 3070 - 8GB GDDR6 - Grafikkarte	979.42
https://www.proshop.de/Grafikkarte/MSI-GeForce-RTX-3070-VENTUS-3X-OC-LHR-8GB-GDDR6-Grafikkarte/2969695	MSI GeForce RTX 3070 VENTUS 3X OC LHR - 8GB GDDR6 - Grafikkarte	813.45
https://www.proshop.de/Grafikkarte/MSI-GeForce-RTX-3060-Ti-VENTUS-2X-V1-LHR-8GB-GDDR6-Grafikkarte/2990548	MSI GeForce RTX 3060 Ti VENTUS 2X V1 LHR - 8GB GDDR6 - Grafikkarte	650.86
https://www.proshop.de/Grafikkarte/Inno3D-GeForce-RTX-3060-Ti-Twin-X2-OC-LHR-8GB-GDDR6-Grafikkarte/2960720	Inno3D GeForce RTX 3060 Ti Twin X2 OC LHR - 8GB GDDR6 - Grafikkarte	619.92
https://www.proshop.de/Grafikkarte/Razer-Docking-station-Core-X-External-Graphics-Enclosure-Grafikkarte/2889200	Razer Docking station Core X External Graphics Enclosure - Grafikkarte	346.13
https://www.proshop.de/Grafikkarte/AMD-Radeon-Pro-WX-3100-4GB-GDDR5-Grafikkarte/2632749	AMD Radeon Pro WX 3100 - 4GB GDDR5 - Grafikkarte	248.78
https://www.proshop.de/Grafikkarte/PNY-NVIDIA-T400-4GB-GDDR6-Grafikkarte/3054728	PNY NVIDIA T400 - 4GB GDDR6 - Grafikkarte	224.77
https://www.proshop.de/Grafikkarte/Sapphire-Radeon-RX-6650-XT-Nitro-8GB-GDDR6-Grafikkarte/3070744	Sapphire Radeon RX 6650 XT Nitro+ - 8GB GDDR6 - Grafikkarte	411.33
https://www.proshop.de/Grafikkarte/ASUS-Radeon-RX-6400-Phoenix-4GB-GDDR6-Grafikkarte/3062905	ASUS Radeon RX 6400 Phoenix - 4GB GDDR6 - Grafikkarte	166.27
https://www.proshop.de/Grafikkarte/PNY-Grafikkarte/2932428	PNY - Grafikkarte	286.93
https://www.proshop.de/Grafikkarte/AMD-Radeon-Pro-WX-5100-8GB-GDDR5-Grafikkarte/2576143	AMD Radeon Pro WX 5100 - 8GB GDDR5 - Grafikkarte	439.02
https://www.proshop.de/Grafikkarte/PNY-Kleine-Box-Grafikkarte/3083188	PNY Kleine Box - Grafikkarte	1867.03
https://www.proshop.de/Grafikkarte/GIGABYTE-GeForce-GTX-1630-OC-4GB-GDDR6-Grafikkarte/3090988	GIGABYTE GeForce GTX 1630 OC - 4GB GDDR6 - Grafikkarte	203.36
https://www.proshop.de/Grafikkarte/ASUS-GeForce-GT-730-Silent-2GB-GDDR5-Grafikkarte/2989676	ASUS GeForce GT 730 Silent - 2GB GDDR5 - Grafikkarte	89.12
https://www.proshop.de/Grafikkarte/ASUS-AMD-Radeon-550-2GB-GDDR5-Grafikkarte/2887429	ASUS AMD Radeon 550 - 2GB GDDR5 - Grafikkarte	117.07
https://www.proshop.de/Grafikkarte/Inno3D-GeForce-RTX-3050-8GB-GDDR6-Grafikkarte/3069662	Inno3D GeForce RTX 3050 - 8GB GDDR6 - Grafikkarte	343.51
https://www.proshop.de/Grafikkarte/ASUS-GeForce-GTX-1660-Ti-OC-6GB-GDDR6-Grafikkarte/3096642	ASUS GeForce GTX 1660 Ti OC - 6GB GDDR6 - Grafikkarte	296.53
https://www.proshop.de/Grafikkarte/AMD-Radeon-Pro-WX-2100-2GB-GDDR5-Grafikkarte/2632747	AMD Radeon Pro WX 2100 - 2GB GDDR5 - Grafikkarte	189.61
https://www.proshop.de/Grafikkarte/PNY-Tesla-T4-16GB-GDDR6-Grafikkarte/2735120	PNY Tesla T4 - 16GB GDDR6 - Grafikkarte	2589.76
https://www.proshop.de/Grafikkarte/PNY-Quadro-P400-2GB-GDDR5-Grafikkarte/2991290	PNY Quadro P400 - 2GB GDDR5 - Grafikkarte	147.91
https://www.proshop.de/Grafikkarte/MSI-GeForce-GTX-1630-VENTUS-XS-OC-4GB-GDDR6-Grafikkarte/3090987	MSI GeForce GTX 1630 VENTUS XS OC - 4GB GDDR6 - Grafikkarte	193.88
https://www.proshop.de/Grafikkarte/MSI-GeForce-GTX-1630-AERO-ITX-OC-4GB-GDDR6-Grafikkarte/3090986	MSI GeForce GTX 1630 AERO ITX OC - 4GB GDDR6 - Grafikkarte	193.88
https://www.proshop.de/Grafikkarte/MSI-GeForce-GTX-1660-VENTUS-XS-OC-6GB-GDDR5-Grafikkarte/2722159	MSI GeForce GTX 1660 VENTUS XS OC - 6GB GDDR5 - Grafikkarte	394.44
https://www.proshop.de/Grafikkarte/ASUS-GeForce-GTX-1630-Phoenix-4GB-GDDR6-Grafikkarte/3090985	ASUS GeForce GTX 1630 Phoenix - 4GB GDDR6 - Grafikkarte	204.68
https://www.proshop.de/Grafikkarte/ASUS-GeForce-GTX-1660-Ti-6GB-GDDR6-Grafikkarte/3096305	ASUS GeForce GTX 1660 Ti - 6GB GDDR6 - Grafikkarte	316.83
https://www.proshop.de/Grafikkarte/ASUS-Radeon-RX-6950-XT-TUF-OC-16GB-GDDR6-Grafikkarte/3070770	ASUS Radeon RX 6950 XT TUF OC - 16GB GDDR6 - Grafikkarte	997.22
https://www.proshop.de/Grafikkarte/PowerColor-Radeon-RX-6400-Low-Profile-4GB-GDDR6-Grafikkarte/3066721	PowerColor Radeon RX 6400 Low Profile - 4GB GDDR6 - Grafikkarte	187.73
https://www.proshop.de/Grafikkarte/GIGABYTE-Radeon-RX-6500-XT-GAMING-OC-4GB-GDDR6-Grafikkarte/3031567	GIGABYTE Radeon RX 6500 XT GAMING OC - 4GB GDDR6 - Grafikkarte	298.57
https://www.proshop.de/Grafikkarte/GIGABYTE-Radeon-RX-6500-XT-EAGLE-4GB-GDDR6-Grafikkarte/3031566	GIGABYTE Radeon RX 6500 XT EAGLE - 4GB GDDR6 - Grafikkarte	258.48
https://www.proshop.de/Grafikkarte/ASUS-Radeon-RX-6500-XT-TUF-OC-4GB-GDDR6-Grafikkarte/3029999	ASUS Radeon RX 6500 XT TUF OC - 4GB GDDR6 - Grafikkarte	270.06
https://www.proshop.de/Grafikkarte/Inno3D-GeForce-RTX-3060-iCHILL-X3-Red-LHR-12GB-GDDR6-Grafikkarte/2960713	Inno3D GeForce RTX 3060 iCHILL X3 Red LHR - 12GB GDDR6 - Grafikkarte	513.95
https://www.proshop.de/Grafikkarte/EVGA-GeForce-RTX-3070-XC3-ULTRA-GAMING-LHR-8GB-GDDR6X-RAM-Grafikkarte/3025960	EVGA GeForce RTX 3070 XC3 ULTRA GAMING LHR - 8GB GDDR6X RAM - Grafikkarte	788.44
https://www.proshop.de/Grafikkarte/PNY-RTX-A4000-16GB-GDDR6-Grafikkarte/2944107	PNY RTX A4000 - 16GB GDDR6 - Grafikkarte	1222.52
https://www.proshop.de/Grafikkarte/Inno3D-GeForce-RTX-3070-iCHILL-X4-LHR-8GB-GDDR6-Grafikkarte/2960744	Inno3D GeForce RTX 3070 iCHILL X4 LHR - 8GB GDDR6 - Grafikkarte	781.49
https://www.proshop.de/Grafikkarte/PNY-8GB-GDDR6-Grafikkarte/3031112	PNY - 8GB GDDR6 - Grafikkarte	507.73
https://www.proshop.de/Grafikkarte/Inno3D-4GB-GDDR6-Grafikkarte/3095957	Inno3D - 4GB GDDR6 - Grafikkarte	191.65
https://www.proshop.de/Grafikkarte/PNY-NVIDIA-Quadro-P2200-5GB-GDDR5X-Grafikkarte/2788337	PNY NVIDIA Quadro P2200 - 5GB GDDR5X - Grafikkarte	566.51
https://www.proshop.de/Grafikkarte/MSI-GeForce-GTX-1650-VENTUS-XS-OC-4GB-GDDR6-Grafikkarte/2857619	MSI GeForce GTX 1650 VENTUS XS OC - 4GB GDDR6 - Grafikkarte	204.79
https://www.proshop.de/Grafikkarte/MSI-GeForce-RTX-3050-VENTUS-2X-8GB-GDDR6-Grafikkarte/3029578	MSI GeForce RTX 3050 VENTUS 2X - 8GB GDDR6 - Grafikkarte	387.68
https://www.proshop.de/Grafikkarte/PNY-Quadro-P2000-GDDR5-Grafikkarte/3019794	PNY Quadro P2000 - GDDR5 - Grafikkarte	567.07
https://www.proshop.de/Grafikkarte/PNY-NVIDIA-RTX-A5000-OEM-24GB-GDDR6-Grafikkarte/2957234	PNY NVIDIA RTX A5000 OEM - 24GB GDDR6 - Grafikkarte	2807.69
https://www.proshop.de/Grafikkarte/MSI-GeForce-RTX-3050-AERO-ITX-OC-8GB-GDDR6-Grafikkarte/3029575	MSI GeForce RTX 3050 AERO ITX OC - 8GB GDDR6 - Grafikkarte	341.08
https://www.proshop.de/Grafikkarte/PNY-Quadro-P2000-GDDR5-Grafikkarte/3111799	PNY Quadro P2000 - GDDR5 - Grafikkarte	593.20
https://www.proshop.de/Grafikkarte/PNY-RTX-A4000-16GB-GDDR6-Grafikkarte/2957233	PNY RTX A4000 - 16GB GDDR6 - Grafikkarte	1238.83
https://www.proshop.de/Grafikkarte/PNY-NVIDIA-RTX-A2000-Premium-Box-12GB-GDDR6-Grafikkarte/3050545	PNY NVIDIA RTX A2000 Premium Box - 12GB GDDR6 - Grafikkarte	717.40
https://www.proshop.de/Grafikkarte/PNY-Quadro-RTX-6000-GDDR6-Grafikkarte/3111801	PNY Quadro RTX 6000 - GDDR6 - Grafikkarte	5454.01
https://www.proshop.de/Grafikkarte/PNY-NVIDIA-T400-4GB-GDDR6-Grafikkarte/3054729	PNY NVIDIA T400 - 4GB GDDR6 - Grafikkarte	202.79
https://www.proshop.de/Grafikkarte/AMD-AMD-Radeon-Pro-W5700-8GB-GDDR6-Grafikkarte/2831377	AMD AMD Radeon Pro W5700 - 8GB GDDR6 - Grafikkarte	645.87
https://www.proshop.de/Grafikkarte/AMD-Radeon-Pro-WX-9100-16GB-HBM2-Grafikkarte/2634071	AMD Radeon Pro WX 9100 - 16GB HBM2 - Grafikkarte	1683.47
https://www.proshop.de/Grafikkarte/ASUS-GeForce-GTX-1660-SUPER-6GB-GDDR6-Grafikkarte/3068708	ASUS GeForce GTX 1660 SUPER - 6GB GDDR6 - Grafikkarte	398.76
https://www.proshop.de/Grafikkarte/GIGABYTE-GeForce-GT-710-Low-Profile-2GB-GDDR5-Grafikkarte/2610805	GIGABYTE GeForce GT 710 Low Profile - 2GB GDDR5 - Grafikkarte	105.05
https://www.proshop.de/Grafikkarte/GIGABYTE-GeForce-RTX-2060-6GB-GDDR6-Grafikkarte-DEMO/2853703d	GIGABYTE GeForce RTX 2060 - 6GB GDDR6 - Grafikkarte *DEMO*	430.90
https://www.proshop.de/Grafikkarte/AMD-Radeon-Pro-WX-3200-4GB-GDDR5-Grafikkarte/2803489	AMD Radeon Pro WX 3200 - 4GB GDDR5 - Grafikkarte	222.58
https://www.proshop.de/Grafikkarte/Dell-AMD-Radeon-Pro-W5500-8GB-GDDR6-Grafikkarte/3056203	Dell AMD Radeon Pro W5500 - 8GB GDDR6 - Grafikkarte	559.43
https://www.proshop.de/Grafikkarte/PowerColor-Radeon-RX-6600-Hellhound-8GB-GDDR6-Grafikkarte/3004537	PowerColor Radeon RX 6600 Hellhound - 8GB GDDR6 - Grafikkarte	579.34
https://www.proshop.de/Grafikkarte/GIGABYTE-Radeon-RX-6750-XT-AORUS-Elite-12GB-GDDR6-Grafikkarte/3071486	GIGABYTE Radeon RX 6750 XT AORUS Elite - 12GB GDDR6 - Grafikkarte	864.73
